MCC_MNC,MCC,MNC,CountryName,Network
41280,412,80,Afghanistan,Afghan Telecom Corp. (AT)
41288,412,88,Afghanistan,Afghan Telecom Corp. (AT)
4121,412,1,Afghanistan,Afghan Wireless Communication Company
41250,412,50,Afghanistan,Etisalat Afghanistan
41240,412,40,Afghanistan,MTN Group
41220,412,20,Afghanistan,Telecom Development Company Afghanistan Ltd.
41255,412,55,Afghanistan,WASEL Afghanistan
4123,412,3,Afghanistan,WaselTelecom (WT)
2761,276,1,Albania,Albanian Mobile Communications
2763,276,3,Albania,Eagle Mobile
2764,276,4,Albania,Plus Communication
2762,276,2,Albania,Vodafone Albania
6031,603,1,Algeria,ATM Mobilis
6032,603,2,Algeria,Orascom Telecom Algerie Spa
6033,603,3,Algeria,Wataniya Telecom Algerie
54411,544,11,American Samoa (US),Bluesky
2133,213,3,Andorra,Servei De Tele. DAndorra
6314,631,4,Angola,MOVICEL Telecommunications S.A.
6312,631,2,Angola,UNITEL S.a.r.l.
365840,365,840,Anguilla,Cable & Wireless
36510,365,10,Anguilla,Weblinks Limited
34430,344,30,Antigua and Barbuda,Antigua Public Utilities Authority
34450,344,50,Antigua and Barbuda,Antigua Wireless Ventures Limited
344920,344,920,Antigua and Barbuda,Cable & Wireless Caribbean Cellular (Antigua) Limited
344930,344,930,Antigua and Barbuda,DigiCel/Cing. Wireless
722310,722,310,Argentine Republic,AMX Argentina S.A
722315,722,315,Argentine Republic,AMX Argentina S.A.
722320,722,320,Argentine Republic,AMX Argentina S.A.
722330,722,330,Argentine Republic,AMX Argentina S.A.
722350,722,350,Argentine Republic,Hutchison Telecommunications Argentina S.A.
72220,722,20,Argentine Republic,NII Holdings
7222,722,2,Argentine Republic,Nll Holdings
72240,722,40,Argentine Republic,TE.SA.M Argentina S.A.
722340,722,340,Argentine Republic,Telecom Personal S.A.
722341,722,341,Argentine Republic,Telecom Personal S.A.
72234,722,34,Argentine Republic,Telecom Personal S.A.
72270,722,70,Argentine Republic,Telefónica Móviles Argentina S.A.
72210,722,10,Argentine Republic,Telefónica Móviles Argentina S.A.
7227,722,7,Argentine Republic,Telefonica Móviles Argentina SA
2831,283,1,Armenia,ArmenTel
2835,283,5,Armenia,K Telecom CJSC
2834,283,4,Armenia,Karabakh Telecom
28310,283,10,Armenia,Orange S.A.
36320,363,20,Aruba (Netherlands),Digicel
3632,363,2,Aruba (Netherlands),Digicel Aruba
3631,363,1,Aruba (Netherlands),Servicio di Telecomunicacion di Aruba
50515,505,15,Australia,3GIS
50524,505,24,Australia,Advance Communications Technologies Pty. Ltd.
5059,505,9,Australia,Airnet
50523,505,23,Australia,Challenge Networks Pty. Ltd.
5054,505,4,Australia,Department of Defence
50526,505,26,Australia,Dialogue Communications Pty. Ltd.
50588,505,88,Australia,Localstar Holding Pty. Ltd.
50519,505,19,Australia,Lycamobile Pty Ltd
50562,505,62,Australia,National Broadband Network
50568,505,68,Australia,National Broadband Network
50527,505,27,Australia,Nexium Telecommunications
50510,505,10,Australia,Norfolk Telecom
50599,505,99,Australia,One.Tel
5058,505,8,Australia,One.Tel Limited
5055,505,5,Australia,Ozitel
50518,505,18,Australia,Pactel International Pty Ltd
50513,505,13,Australia,Rail Corporation New South Wales
5052,505,2,Australia,Singtel Optus Proprietary Limited
50590,505,90,Australia,Singtel Optus Proprietary Limited
50514,505,14,Australia,Telecom New Zealand
5051,505,1,Australia,Telstra Corporation Limited
50571,505,71,Australia,Telstra Corporation Limited
50572,505,72,Australia,Telstra Corporation Limited
50511,505,11,Australia,Telstra Corporation Ltd.
50521,505,21,Australia,TPG Telecom Limited
50516,505,16,Australia,Victorian Rail Track
5057,505,7,Australia,Vodafone
50512,505,12,Australia,Vodafone Hutchison Australia Proprietary Limited
5053,505,3,Australia,Vodafone Hutchison Australia Proprietary Limited
5056,505,6,Australia,Vodafone Hutchison Australia Proprietary Limited
50538,505,38,Australia,Vodafone Hutchison Australia Proprietary Limited
23213,232,13,Austria,
2328,232,8,Austria,A1 MobilKom
2329,232,9,Austria,A1 Telekom Austria
2321,232,1,Austria,A1 Telekom Austria
2322,232,2,Austria,A1 Telekom Austria
23211,232,11,Austria,A1 Telekom Austria
23212,232,12,Austria,A1 Telekom Austria
23215,232,15,Austria,A1 Telekom Austria
23216,232,16,Austria,Hutchison Drei Austria
23214,232,14,Austria,Hutchison Drei Austria
23210,232,10,Austria,Hutchison Drei Austria
2325,232,5,Austria,Hutchison Drei Austria
2326,232,6,Austria,Orange
23217,232,17,Austria,Spusu/Mass Response
2324,232,4,Austria,T-Mobile AT
2327,232,7,Austria,T-Mobile Austria
2323,232,3,Austria,T-Mobile Austria
23291,232,91,Austria,ÖBB
4001,400,1,Azerbaijani Republic,Azercell
4004,400,4,Azerbaijani Republic,Azerfon
4002,400,2,Azerbaijani Republic,Bakcell
4003,400,3,Azerbaijani Republic,CATEL
36430,364,30,Bahamas,Bahamas Telco. Comp.
364390,364,390,Bahamas,Bahamas Telco. Comp.
3643,364,3,Bahamas,Smart Communications
36439,364,39,Bahamas,The Bahamas Telecommunications Company Ltd
4261,426,1,Bahrain,Bahrain Telecommunications Company
4265,426,5,Bahrain,Bahrain Telecommunications Company
4264,426,4,Bahrain,Viva Bahrain
4262,426,2,Bahrain,Zain Bahrain
4707,470,7,Bangladesh,AirTel
4703,470,3,Bangladesh,Banglalink
4705,470,5,Bangladesh,City Cell
4706,470,6,Bangladesh,City Cell
4701,470,1,Bangladesh,GrameenPhone Ltd
4702,470,2,Bangladesh,Robi Axiata
4704,470,4,Bangladesh,Teletalk Bangladesh Limited
342810,342,810,Barbados,Cingular Wireless
34250,342,50,Barbados,Digicel
342750,342,750,Barbados,Digicel (Barbados) Limited
342600,342,600,Barbados,LIME (formerly known as Cable & Wireless)
342820,342,820,Barbados,Sunbeach Communications
2574,257,4,Belarus,Belarusian Telecommunications Network
2573,257,3,Belarus,BelCel
257501,257,501,Belarus,BelCel JV
2572,257,2,Belarus,Mobile TeleSystems
2571,257,1,Belarus,velcom
2061,206,1,Belgium,Belgacom Mobile
20620,206,20,Belgium,KPN Group Belgium
2066,206,6,Belgium,Lycamobile
20610,206,10,Belgium,Mobistar/Orange
2062,206,2,Belgium,SNCT/NMBS
2065,206,5,Belgium,Telenet
70267,702,67,Belize,Belize Telemedia Ltd. (BTL)
70268,702,68,Belize,International Telco (INTELCO)
70299,702,99,Belize,SpeedNet Communications Limited
6161,616,1,Benin,Benin Telecoms Mobile
6164,616,4,Benin,BLK Communication Benin
6165,616,5,Benin,Glo Communication Benin
6163,616,3,Benin,Spacetel Benin
6162,616,2,Benin,Telecel Benin
3500,350,0,Bermuda (UK),Bermuda Digital Communications Ltd (BDC)
35099,350,99,Bermuda (UK),CellOne Ltd
35010,350,10,Bermuda (UK),DigiCel / Cingular
3502,350,2,Bermuda (UK),M3 Wireless
3501,350,1,Bermuda (UK),Telecommunications (Bermuda & West Indies) Ltd
40217,402,17,Bhutan,Bhutan Telecom Ltd (BTL)
40211,402,11,Bhutan,B-Mobile / Bhutan Telecom Ltd.
40277,402,77,Bhutan,Tashi InfoComm Limited
7362,736,2,Bolivia,Entel SA
7361,736,1,Bolivia,Nuevatel PCS De Bolivia SA
7363,736,3,Bolivia,Telefónica Celular De Bolivia S.A
21890,218,90,Bosnia and Herzegovina,BH Telecom
2183,218,3,Bosnia and Herzegovina,Public Enterprise Croatian Telecom Ltd.
2185,218,5,Bosnia and Herzegovina,RS Telecommunications JSC Banja Luka
6524,652,4,Botswana,Botswana Telecommunications Corporation
6521,652,1,Botswana,Mascom Wireless (Pty) Limited
6522,652,2,Botswana,Orange (Botswana) Pty Limited
72424,724,24,Brazil,Amazonia Celular S/A
72416,724,16,Brazil,Brasil Telecom GSM
7245,724,5,Brazil,Claro
72412,724,12,Brazil,Claro/Albra/America Movil
72438,724,38,Brazil,Claro/Albra/America Movil
72432,724,32,Brazil,CTBC Celular S.A.
72433,724,33,Brazil,CTBC Celular S.A.
72434,724,34,Brazil,CTBC Celular S.A.
72415,724,15,Brazil,CTBC Celular S.A.
7247,724,7,Brazil,CTBC/Triangulo
72439,724,39,Brazil,"NII Holdings, Inc."
7240,724,0,Brazil,"NII Holdings, Inc."
72430,724,30,Brazil,Oi (TNL PCS / Oi)
72454,724,54,Brazil,PORTO SEGURO TELECOMUNICACOES
72455,724,55,Brazil,Sercomtel Celular
7242,724,2,Brazil,Telecom Italia Mobile
7243,724,3,Brazil,Telecom Italia Mobile
7244,724,4,Brazil,Telecom Italia Mobile
7248,724,8,Brazil,TIM
72431,724,31,Brazil,TNL PCS
72437,724,37,Brazil,Unicel do Brasil Telecomunicacoes Ltda
72423,724,23,Brazil,Vivo S.A.
72410,724,10,Brazil,Vivo S.A.
72411,724,11,Brazil,Vivo S.A.
7246,724,6,Brazil,Vivo S.A.
72419,724,19,Brazil,Vivo S.A./Telemig
7241,724,1,Brazil,Vivo S.A./Telemig
348170,348,170,British Virgin Islands (UK),Cable & Wireless
348570,348,570,British Virgin Islands (UK),Caribbean Cellular Telephone
348770,348,770,British Virgin Islands (UK),Digicel (BVI) Limited
5282,528,2,Brunei Darussalam,B-Mobile Communications Sdn Bhd
52811,528,11,Brunei Darussalam,Data Stream Technology
5281,528,1,Brunei Darussalam,Jabatan Telekom Brunei
2843,284,3,Bulgaria,BTC
2846,284,6,Bulgaria,BTC Mobile EOOD (vivatel)
2845,284,5,Bulgaria,Cosmo Bulgaria Mobile
28413,284,13,Bulgaria,Max Telecom LTD/td>
2841,284,1,Bulgaria,Mobiltel
2844,284,4,Bulgaria,Undisclosed
6132,613,2,Burkina Faso,Airtel Burkina Faso
6131,613,1,Burkina Faso,Onatel
6133,613,3,Burkina Faso,Telecel Faso SA
6422,642,2,Burundi,Africell PLC
6421,642,1,Burundi,Econet Wireless Burundi PLC
6428,642,8,Burundi,HiTs Telecom
6427,642,7,Burundi,LACELL SU
6423,642,3,Burundi,Onatel
64282,642,82,Burundi,Orascom Telecom (a subsidiary of Vimplecom)
4563,456,3,Cambodia,Cambodia Advance Communications Co. Ltd
4564,456,4,Cambodia,Cambodia Advance Communications Co. Ltd
45611,456,11,Cambodia,Excell
4565,456,5,Cambodia,Latelz Company Limited
4566,456,6,Cambodia,Latelz Company Limited
4562,456,2,Cambodia,Latelz Company Limited
4569,456,9,Cambodia,Sotelco Ltd.
4561,456,1,Cambodia,The Royal Group
4568,456,8,Cambodia,The Royal Group
45618,456,18,Cambodia,The Royal Group
6241,624,1,Cameroon,Mobile Telephone Network Cameroon Ltd
6244,624,4,Cameroon,Nextel
6242,624,2,Cameroon,Orange Cameroun S.A.
302290,302,290,Canada,Airtel Wireless
302630,302,630,Canada,Aliant Mobility
302250,302,250,Canada,ALO Mobile Inc.
302652,302,652,Canada,BC Tel Mobility (Telus)
302690,302,690,Canada,Bell Mobility
302640,302,640,Canada,Bell Mobility
302651,302,651,Canada,Bell Mobility
302610,302,610,Canada,Bell Mobility and Virgin Mobile Canada
302670,302,670,Canada,CityTel Mobility
302320,302,320,Canada,DAVE Wireless
302380,302,380,Canada,Dryden Mobility
302270,302,270,Canada,EastLink
302340,302,340,Canada,Execulink
302370,302,370,Canada,Fido Solutions
302350,302,350,Canada,FIRST Networks Operations
302490,302,490,Canada,Globalive Communications
302710,302,710,Canada,Globalstar
302620,302,620,Canada,ICE Wireless
302530,302,530,Canada,Keewaytinook Okimakanak
302220,302,220,Canada,Koodo Mobility and Telus Mobility
302570,302,570,Canada,LightSquared
302560,302,560,Canada,Lynx Mobility
302701,302,701,Canada,MB Tel Mobility
302702,302,702,Canada,MT&T Mobility (Aliant)
302655,302,655,Canada,MTS Mobility
302660,302,660,Canada,MTS Mobility
302703,302,703,Canada,New Tel Mobility (Aliant)
302760,302,760,Canada,Public Mobile Inc.
302590,302,590,Canada,Quadro Communication
302720,302,720,Canada,Rogers Communications
302770,302,770,Canada,Rural Com
302750,302,750,Canada,Sask Tel Mobility
302654,302,654,Canada,Sask Tel Mobility
302680,302,680,Canada,SaskTel Mobility
302780,302,780,Canada,SaskTel Mobility
302880,302,880,Canada,"Shared Telus, Bell, and SaskTel"
302740,302,740,Canada,Shaw Telecom G.P.
302480,302,480,Canada,SSi Connexions
302360,302,360,Canada,Telus Mobility
302361,302,361,Canada,Telus Mobility
302653,302,653,Canada,Telus Mobility
302657,302,657,Canada,Telus Mobility
302860,302,860,Canada,Telus Mobility
302221,302,221,Canada,Telus Mobility
302222,302,222,Canada,Telus Mobility
302730,302,730,Canada,TerreStar Solutions
302656,302,656,Canada,Thunder Bay Telephone
302500,302,500,Canada,Videotron
302510,302,510,Canada,Videotron
302940,302,940,Canada,Wightman Telecom
6251,625,1,Cape Verde,"CVMovel, S.A."
6252,625,2,Cape Verde,T+
346140,346,140,Cayman Islands (UK),Cable & Wireless (Cayman Islands) Limited
34650,346,50,Cayman Islands (UK),Digicel Cayman Ltd.
3466,346,6,Cayman Islands (UK),Digicel Ltd.
6231,623,1,Central African Republic,Centrafrique Telecom Plus
6234,623,4,Central African Republic,Nationlink Telecom RCA
6233,623,3,Central African Republic,Orange RCA
6232,623,2,Central African Republic,Telecel Centrafrique
6221,622,1,Chad,Bharti Airtel SA
6223,622,3,Chad,Millicom
6222,622,2,Chad,Orascom Telecom
6224,622,4,Chad,Sotel Mobile
7306,730,6,Chile,Blue Two Chile SA
73011,730,11,Chile,Celupago SA
7309,730,9,Chile,Centennial Cayman Corp. Chile
7304,730,4,Chile,Centennial Cayman Corp. Chile
73015,730,15,Chile,Cibeles Telecom SA
7303,730,3,Chile,Claro Chile S.A.
7301,730,1,Chile,Entel PCS Telecomunicaciones S.A.
73010,730,10,Chile,Entel Telefonía Móvil S.A.
73014,730,14,Chile,Netline Telefonica Movil Ltda
7305,730,5,Chile,Nextel SA
7302,730,2,Chile,Telefónica Móvil de Chile
73012,730,12,Chile,Telestar Movil SA
7300,730,0,Chile,TESAM SA
73013,730,13,Chile,Tribe Mobile SPA
7307,730,7,Chile,Virgin Mobile
7308,730,8,Chile,VTR S.A.
73099,730,99,Chile,WILL Telefonía
4600,460,0,China,China Mobile
4602,460,2,China,China Mobile
4607,460,7,China,China Mobile
4604,460,4,China,China Space Mobile Satellite Telecommunications Co. Ltd (China Spacecom)
4605,460,5,China,China Telecom
4603,460,3,China,China Telecom
46020,460,20,China,China Tietong
4606,460,6,China,China Unicom
4601,460,1,China,China Unicom
732130,732,130,Colombia,Avantel SAS
732102,732,102,Colombia,Bellsouth Colombia
732101,732,101,Colombia,Claro
732103,732,103,Colombia,Colombia Móvil
732111,732,111,Colombia,Colombia Móvil
7321,732,1,Colombia,Colombia Telecomunicaciones S.A.
7322,732,2,Colombia,Edatel S.A.
73299,732,99,Colombia,Empresas Municipales de Cali
732123,732,123,Colombia,Telefónica Móviles Colombia
732142,732,142,Colombia,UNE EPM Telecomunicaciones SA ESP
73220,732,20,Colombia,UNE EPM Telecomunicaciones SA ESP
732154,732,154,Colombia,Virgin Mobile Colombia SAS
6541,654,1,Comoros,HURI - SNPT
5481,548,1,Cook Islands (NZ),Telecom Cook
7123,712,3,Costa Rica,Claro CR Telecomunicaciones
7121,712,1,Costa Rica,Instituto Costarricense de Electricidad
7122,712,2,Costa Rica,Instituto Costarricense de Electricidad
7124,712,4,Costa Rica,Telefónica Móviles Costa Rica
71220,712,20,Costa Rica,Virtualis
71217,712,17,Costa Rica,Virtualis S.A.
6127,612,7,Côte d'Ivoire,Aircomm SA
6124,612,4,Côte d'Ivoire,Comium Ivory Coast Inc
6121,612,1,Côte d'Ivoire,Cora de Comstar
6122,612,2,Côte d'Ivoire,Moov
6125,612,5,Côte d'Ivoire,MTN
6123,612,3,Côte d'Ivoire,Orange
6126,612,6,Côte d'Ivoire,ORICEL
2192,219,2,Croatia,Tele2
2191,219,1,Croatia,T-Mobile
21910,219,10,Croatia,Vipnet
3681,368,1,Cuba,"Empresa de Telecomunicaciones de Cuba, SA"
36294,362,94,Curaçao (Netherlands),Bòbò Frus N.V.
362630,362,630,Curaçao (Netherlands),Cingular Wireless
36269,362,69,Curaçao (Netherlands),Curaçao Telecom N.V.
36295,362,95,Curaçao (Netherlands),E.O.C.G. Wireless
36291,362,91,Curaçao (Netherlands),Setel N.V.
36251,362,51,Curaçao (Netherlands),Telcell N.V.
362951,362,951,Curaçao (Netherlands),UTS Wireless
28010,280,10,Cyprus,Areeba Ltd
2801,280,1,Cyprus,Cyprus Telecommunications Auth
28020,280,20,Cyprus,PrimeTel PLC
2304,230,4,Czech Republic,Air Telecom a. s.
2307,230,7,Czech Republic,"ASTELNET, s.r.o."
2308,230,8,Czech Republic,Compatel s.r.o.
2306,230,6,Czech Republic,"OSNO TELECOMUNICATION, s.r.o."
23098,230,98,Czech Republic,"Správa železnicní dopravní cesty, s.o."
2302,230,2,Czech Republic,Telefónica Czech Republic
2301,230,1,Czech Republic,T-Mobile
2305,230,5,Czech Republic,"TRAVEL TELEKOMMUNIKATION, s.r.o."
2303,230,3,Czech Republic,Vodafone Czech Republic
23099,230,99,Czech Republic,Vodafone Czech Republic
63090,630,90,Democratic Republic of the Congo,Africell
630992,630,992,Democratic Republic of the Congo,Africell RDC sprl
6302,630,2,Democratic Republic of the Congo,airtel Congo
6304,630,4,Democratic Republic of the Congo,Cellco
63010,630,10,Democratic Republic of the Congo,Libertis Telecom
63089,630,89,Democratic Republic of the Congo,OASIS SPRL
63086,630,86,Democratic Republic of the Congo,orange.TM
6305,630,5,Democratic Republic of the Congo,Supercell SPRL
6301,630,1,Democratic Republic of the Congo,Vodacom Congo RDC sprl
63088,630,88,Democratic Republic of the Congo,Yozma Timeturns sprl (YTT)
23823,238,23,Denmark,Banedanmark
23813,238,13,Denmark,Compatel Limited
23818,238,18,Denmark,Cubic Telecom
2385,238,5,Denmark,Dansk Beredskabskommunikation
2389,238,9,Denmark,Dansk Beredskabskommunikation A/S
23811,238,11,Denmark,Dansk Beredskabskommunikation A/S
23840,238,40,Denmark,Ericsson Danmark A/S
2386,238,6,Denmark,Hi3G Denmark ApS
23815,238,15,Denmark,Ice Danmark ApS
23828,238,28,Denmark,LINK Mobile A/S (CoolTEL)
23812,238,12,Denmark,Lycamobile Denmark Ltd
23814,238,14,Denmark,Monty UK Global Limited
2387,238,7,Denmark,Mundio (Vectone / Delight)
23817,238,17,Denmark,Naka AG
2384,238,4,Denmark,NextGen Mobile Ltd (CardBoardFish)
2383,238,3,Denmark,Syniverse Technologies
23810,238,10,Denmark,TDC A/S
2381,238,1,Denmark,TDC A/S
23842,238,42,Denmark,Tel42 ApS
23877,238,77,Denmark,Telenor (Tele2)
2382,238,2,Denmark,Telenor Denmark
23820,238,20,Denmark,Telia
23830,238,30,Denmark,Telia Nättjänster Norden AB
23816,238,16,Denmark,Tismi BV
23866,238,66,Denmark,TT-Netværket P/S
23825,238,25,Denmark,Viahub (SMS Provider Corp.)
2388,238,8,Denmark,Voxbone
6381,638,1,Djibouti,Djibouti Telecom SA
366110,366,110,Dominica,Cable & Wireless
36620,366,20,Dominica,Digicel Group Limited
36650,366,50,Dominica,Wireless Ventures (Dominica) Ltd (Digicel Dominica)
3702,370,2,Dominican Republic,"Compañía Dominicana de Teléfonos, C por"
3701,370,1,Dominican Republic,Orange Dominicana
3703,370,3,Dominican Republic,Tricom S.A.
3704,370,4,Dominican Republic,"Trilogy Dominicana, S.A."
5141,514,1,East Timor,PT Telekomunikasi Indonesia International
5142,514,2,East Timor,Timor Telecom
5143,514,3,East Timor,Viettel Timor-Leste
7401,740,1,Ecuador,CONECEL S.A.
7402,740,2,Ecuador,Corporación Nacional de Telecomunicaciones (CNT EP)
7400,740,0,Ecuador,Otecel S.A.
6021,602,1,Egypt,ECMS-Mobinil
6023,602,3,Egypt,Etisalat Egypt
6022,602,2,Egypt,Vodafone Egypt
7061,706,1,El Salvador,América Móvil
7062,706,2,El Salvador,Digicel Group
7065,706,5,El Salvador,INTELFON SA de CV
7064,706,4,El Salvador,Telefónica Móviles El Salvador
7063,706,3,El Salvador,Telemovil EL Salvador S.A.
6271,627,1,Equatorial Guinea,GETESA
6273,627,3,Equatorial Guinea,HiTs EG.SA
6571,657,1,Eritrea,Eritrea Telecommunications Services Corporation
2485,248,5,Estonia,AS Bravocom Mobiil
2482,248,2,Estonia,Elisa Eesti
2481,248,1,Estonia,Estonian Mobile Telecom
2484,248,4,Estonia,OY Top Connect
2486,248,6,Estonia,Progroup Holding
2483,248,3,Estonia,Tele 2 Eesti
2488,248,8,Estonia,VIVEX OU
6361,636,1,Ethiopia,ETH/MTN
63611,636,11,Ethiopia,Ethio Telecom
7501,750,1,Falkland Islands (UK),Cable and Wireless South Atlantic Ltd (Falkland Islands
2883,288,3,Faroe Islands (Denmark),Edge Mobile Sp/F
2881,288,1,Faroe Islands (Denmark),Faroese Telecom
2882,288,2,Faroe Islands (Denmark),Vodafone Faroe Islands
5501,550,1,Federated States of Micronesia,FSMTC
5422,542,2,Fiji,Digicel Fiji
5421,542,1,Fiji,Vodafone Fiji
24426,244,26,Finland,Compatel Ltd
24425,244,25,Finland,Datame Oy
24412,244,12,Finland,DNA Oy
24413,244,13,Finland,DNA Oy
2443,244,3,Finland,DNA Oy
2444,244,4,Finland,DNA Oy
2445,244,5,Finland,Elisa Oyj
24421,244,21,Finland,Elisa Oyj
2449,244,9,Finland,Global Network
24482,244,82,Finland,ID-Mobile
24411,244,11,Finland,Mundio Mobile Oy
24430,244,30,Finland,Mundio Mobile Oy
2447,244,7,Finland,Nokia Test Network
2448,244,8,Finland,Nokia Test Network
24415,244,15,Finland,Samk Student Test Network
24410,244,10,Finland,TDC Oy
24491,244,91,Finland,TeliaSonera Finland Oyj
24431,244,31,Finland,Ukko Mobile Oy
24432,244,32,Finland,Voxbone SA
24414,244,14,Finland,Ålands Telekommunikation Ab
20827,208,27,France,AFONE SA
20892,208,92,France,Association Plate-forme Telecom
20828,208,28,France,Astrium
20820,208,20,France,Bouygues Telecom
20821,208,21,France,Bouygues Telecom
20888,208,88,France,Bouygues Telecom
2088,208,8,France,Completel Mobile
2085,208,5,France,Globalstar
2086,208,6,France,Globalstar
2087,208,7,France,Globalstar
20815,208,15,France,Iliad
20816,208,16,France,Iliad
20817,208,17,France,Legos - Local Exchange Global Operation Services SA
20825,208,25,France,LycaMobile
20824,208,24,France,MobiquiThings
2083,208,3,France,MobiquiThings
20831,208,31,France,Mundio Mobile (France) Ltd
20826,208,26,France,NRJ Mobile
20823,208,23,France,Omea Telecom
20829,208,29,France,Orange
20891,208,91,France,Orange
2081,208,1,France,Orange S.A.
2082,208,2,France,Orange S.A.
20814,208,14,France,RFF
2084,208,4,France,Sisteer
2080,208,0,France,Tel/Tel
20822,208,22,France,Transatel
20889,208,89,France,Virgin Mobile/Omer
2089,208,9,France,Vivendi
20810,208,10,France,Vivendi
20811,208,11,France,Vivendi
20813,208,13,France,Vivendi
54715,547,15,French Polynesia (France),PMT
54720,547,20,French Polynesia (France),Tikiphone SA
6283,628,3,Gabonese Republic,Airtel Gabon S.A.
6282,628,2,Gabonese Republic,Atlantique Télécom (Etisalat Group) Gabon S.A.
6281,628,1,Gabonese Republic,Gabon Telecom & Libertis S.A.
6284,628,4,Gabonese Republic,USAN Gabon S.A.
6072,607,2,Gambia,Africel
6073,607,3,Gambia,Comium
6071,607,1,Gambia,Gamcel
6074,607,4,Gambia,QCell Gambia
2821,282,1,Georgia,Geocell Limited
2822,282,2,Georgia,Magticom GSM
2823,282,3,Georgia,Magtifix
2824,282,4,Georgia,Mobitel LLC
2825,282,5,Georgia,Silknet CDMA
26215,262,15,Germany,Airdata
26210,262,10,Germany,Arcor AG & Co
26242,262,42,Germany,Chaos Computer Club
26260,262,60,Germany,DB Telematik
262901,262,901,Germany,Debitel
26277,262,77,Germany,E-Plus
26217,262,17,Germany,E-Plus
26220,262,20,Germany,E-Plus
2623,262,3,Germany,E-Plus Mobilfunk
2625,262,5,Germany,E-Plus Mobilfunk
26214,262,14,Germany,Group 3G UMTS
26243,262,43,Germany,Lycamobile
26213,262,13,Germany,Mobilcom Multimedia
26292,262,92,Germany,Nash Technologies
26211,262,11,Germany,O2
2628,262,8,Germany,O2
2627,262,7,Germany,O2 (Germany) GmbH & Co. OHG
26276,262,76,Germany,Siemens AG
26212,262,12,Germany,sipgate Wireless
26216,262,16,Germany,Telogic ex. Vistream
2626,262,6,Germany,T-Mobile
2621,262,1,Germany,T-Mobile Deutschland GmbH
2624,262,4,Germany,Vodafone
2629,262,9,Germany,Vodafone
2622,262,2,Germany,Vodafone D2 GmbH
6206,620,6,Ghana,Airtel
6207,620,7,Ghana,Globacom
6204,620,4,Ghana,Kasapa / Hutchison Telecom
6203,620,3,Ghana,Millicom
6201,620,1,Ghana,MTN Group
6202,620,2,Ghana,Vodafone
2666,266,6,Gibraltar (UK),CTS Gibraltar
2669,266,9,Gibraltar (UK),Eazitelecom
2661,266,1,Gibraltar (UK),Gibtelecom
2027,202,7,Greece,AMD Telecom SA
2022,202,2,Greece,Cosmote
2021,202,1,Greece,COSMOTE - Mobile Telecommunications S.A.
20214,202,14,Greece,Cuta
2024,202,4,Greece,Organismos Sidirodromon Ellados (OSE)
2023,202,3,Greece,OTE Hellenic Telecommunications Organization SA
2025,202,5,Greece,Vodafone Greece
2029,202,9,Greece,Wind Hellas Telecommunications S.A.
20210,202,10,Greece,Wind Hellas Telecommunications S.A.
2901,290,1,Greenland (Denmark),TELE Greenland A/S
352110,352,110,Grenada,Cable & Wireless Grenada Ltd.
35250,352,50,Grenada,Digicel
35230,352,30,Grenada,Digicel Grenada Ltd.
3408,340,8,Guadeloupe (France),Dauphin Telecom
34020,340,20,Guadeloupe (France),DIGICEL Antilles Française Guyane
3401,340,1,Guadeloupe (France),Orange Caraïbe Mobiles
3402,340,2,Guadeloupe (France),Outremer Telecom
3403,340,3,Guadeloupe (France),Saint Martin et Saint Barthelemy Telcell Sarl
34011,340,11,Guadeloupe (France),TelCell GSM
34012,340,12,Guadeloupe (France),UTS Caraibe
7042,704,2,Guatemala,Millicom
7041,704,1,Guatemala,"Telecomunicaciones de Guatemala, S.A."
7043,704,3,Guatemala,Telefónica
6114,611,4,Guinea,Areeba Guinea
6115,611,5,Guinea,Cellcom
6113,611,3,Guinea,INTERCEL Guinée
6111,611,1,Guinea,Orange
6112,611,2,Guinea,Sotelgui Lagui
6321,632,1,Guinea-Bissau,GuineTel
6327,632,7,Guinea-Bissau,Guinetel
6323,632,3,Guinea-Bissau,Orange
6322,632,2,Guinea-Bissau,Spacetel Guiné-Bissau S.A.
7382,738,2,Guyana,Guyana Telephone & Telegraph Co.
7381,738,1,Guyana,U-Mobile (Cellular) Inc.
3721,372,1,Haiti,Communication Cellulaire d'Haiti S.A.
3723,372,3,Haiti,Telecommunication S.A.
3722,372,2,Haiti,Unigestion Holding S.A.
70840,708,40,Honduras,Digicel de Honduras
70830,708,30,Honduras,Empresa Hondureña de Telecomunicaciones
7081,708,1,Honduras,Servicios de Comunicaciones de Honduras S.A. de C.V.
7082,708,2,Honduras,Tigo
45412,454,12,Hong Kong (PRC),China Mobile Hong Kong Company Limited
45413,454,13,Hong Kong (PRC),China Mobile Hong Kong Company Limited
45428,454,28,Hong Kong (PRC),China Mobile/Peoples
4549,454,9,Hong Kong (PRC),China Motion Telecom
4547,454,7,Hong Kong (PRC),China Unicom (Hong Kong) Limited
45411,454,11,Hong Kong (PRC),China-Hong Kong Telecom
4541,454,1,Hong Kong (PRC),CITIC Telecom 1616
4542,454,2,Hong Kong (PRC),CSL Limited
4540,454,0,Hong Kong (PRC),CSL Limited
45410,454,10,Hong Kong (PRC),CSL Limited
45418,454,18,Hong Kong (PRC),CSL Limited
45420,454,20,Hong Kong (PRC),HKT/PCCW
45414,454,14,Hong Kong (PRC),Hutchison Telecom
4543,454,3,Hong Kong (PRC),Hutchison Telecom
4544,454,4,Hong Kong (PRC),Hutchison Telecom
4545,454,5,Hong Kong (PRC),Hutchison Telecom
45422,454,22,Hong Kong (PRC),P Plus Communications
45419,454,19,Hong Kong (PRC),PCCW-HKT
45416,454,16,Hong Kong (PRC),PCCW-HKT
45429,454,29,Hong Kong (PRC),PCCW-HKT
45440,454,40,Hong Kong (PRC),shared by private TETRA systems
45447,454,47,Hong Kong (PRC),shared by private TETRA systems
45417,454,17,Hong Kong (PRC),SmarTone Mobile Communications Limited
45415,454,15,Hong Kong (PRC),SmarTone Mobile Communications Limited
4546,454,6,Hong Kong (PRC),SmarTone Mobile Communications Limited
4548,454,8,Hong Kong (PRC),Truphone Limited
21630,216,30,Hungary,Magyar Telekom Plc
2161,216,1,Hungary,Telenor Magyarország Zrt.
21620,216,20,Hungary,Telenor Magyarország Zrt.
21671,216,71,Hungary,UPC Hungary Ldt
21670,216,70,Hungary,Vodafone Magyarország Zrt.
2749,274,9,Iceland,Amitelo
2747,274,7,Iceland,IceCell ehf
2748,274,8,Iceland,Iceland Telecom
2741,274,1,Iceland,Iceland Telecom
2744,274,4,Iceland,IMC Island ehf
27411,274,11,Iceland,Nova ehf
2746,274,6,Iceland,Núll níu ehf
2742,274,2,Iceland,Og fjarskipti hf
27412,274,12,Iceland,Tal hf
2743,274,3,Iceland,Vodafone Iceland
2745,274,5,Iceland,Vodafone/Tal hf
40545,405,45,India,[Uttar Pradesh (E)]
40546,405,46,India,[Uttar Pradesh (W) & Uttarkhand ]
40547,405,47,India,[West Bengal]
40433,404,33,India,Aircel
40479,404,79,India,Andaman Nicobar
40473,404,73,India,Andhra Pradesh
4051,405,1,India,Andhra Pradesh
40525,405,25,India,Andhra Pradesh
405801,405,801,India,Andhra Pradesh
405819,405,819,India,Andhra Pradesh
405908,405,908,India,Andhra Pradesh
405912,405,912,India,Andhra Pradesh
40449,404,49,India,Andhra Pradesh
4047,404,7,India,Andhra Pradesh
40413,404,13,India,Andhra Pradesh
405854,405,854,India,Andra Pradesh
405855,405,855,India,Assam
405824,405,824,India,Assam
405845,405,845,India,Assam
405751,405,751,India,Assam
40526,405,26,India,Assam
40556,405,56,India,Assam
4049,404,9,India,Assam
40429,404,29,India,Assam
40438,404,38,India,Assam
405881,405,881,India,Assam
405875,405,875,India,Assam
40425,404,25,India,Bihar
4053,405,3,India,Bihar
40475,404,75,India,Bihar
405856,405,856,India,Bihar
405752,405,752,India,Bihar & Jharkhand
40570,405,70,India,Bihar & Jharkhand
40552,405,52,India,Bihar & Jharkhand
40436,404,36,India,Bihar & Jharkhand
40527,405,27,India,Bihar/Jharkhand
40528,405,28,India,Chennai
40484,404,84,India,Chennai
4054,405,4,India,Chennai
40440,404,40,India,Chennai
40441,404,41,India,Chennai
40464,404,64,India,Chennai
40529,405,29,India,Delhi
405872,405,872,India,Delhi
405909,405,909,India,Delhi
405913,405,913,India,Delhi & NCR
405844,405,844,India,Delhi & NCR
405800,405,800,India,Delhi & NCR
4055,405,5,India,Delhi & NCR
40468,404,68,India,Delhi & NCR
40410,404,10,India,Delhi & NCR
40411,404,11,India,Delhi & NCR
4044,404,4,India,Delhi & NCR
4045,404,5,India,Gujarat
40424,404,24,India,Gujarat
40457,404,57,India,Gujarat
4056,405,6,India,Gujarat
40530,405,30,India,Gujarat
40498,404,98,India,Gujarat
405802,405,802,India,Gujarat
405827,405,827,India,Gujarat
405914,405,914,India,Gujarat
405857,405,857,India,Gujarat
405927,405,927,India,Gujarat
405858,405,858,India,Haryana
405910,405,910,India,Haryana
405807,405,807,India,Haryana
40496,404,96,India,Haryana
40531,405,31,India,Haryana
4057,405,7,India,Haryana
40434,404,34,India,Haryana
4041,404,1,India,Haryana
40412,404,12,India,Haryana
4043,404,3,India,Himachal Pradesh
40418,404,18,India,Himachal Pradesh
40451,404,51,India,Himachal Pradesh
4058,405,8,India,Himachal Pradesh
40482,404,82,India,Himachal Pradesh
40532,405,32,India,Himachal Pradesh
405754,405,754,India,Himachal Pradesh
405859,405,859,India,Himachal Pradesh
405750,405,750,India,Jammu & Kashmir
40555,405,55,India,Jammu & Kashmir
405846,405,846,India,Jammu & Kashmir
40533,405,33,India,Jammu & Kashmir
4059,405,9,India,Jammu & Kashmir
40462,404,62,India,Jammu & Kashmir
40437,404,37,India,Jammu & Kashmir
405860,405,860,India,Jammu Kashmir
405861,405,861,India,Karnataka
405847,405,847,India,Karnataka
405820,405,820,India,Karnataka
405803,405,803,India,Karnataka
40510,405,10,India,Karnataka
40486,404,86,India,Karnataka
40534,405,34,India,Karnataka
40444,404,44,India,Karnataka
40445,404,45,India,Karnataka
40471,404,71,India,Karnataka (Bangalore)
40472,404,72,India,Kerala
40511,405,11,India,Kerala
40535,405,35,India,Kerala
40495,404,95,India,Kerala
405821,405,821,India,Kerala
405809,405,809,India,Kerala
405862,405,862,India,Kerala
405917,405,917,India,Kerala
40446,404,46,India,Kerala
40419,404,19,India,Kerala
40430,404,30,India,Kolkata
40431,404,31,India,Kolkata
405822,405,822,India,Kolkata
405848,405,848,India,Kolkata
40536,405,36,India,Kolkata
40512,405,12,India,Kolkata
40491,404,91,India,Kolkata
40483,404,83,India,Kolkata
40481,404,81,India,Kolkata
405873,405,873,India,Kolkatta
405834,405,834,India,Madhya Pradesh
405808,405,808,India,Madhya Pradesh
40493,404,93,India,Madhya Pradesh
40514,405,14,India,Madhya Pradesh
40538,405,38,India,Madhya Pradesh
40478,404,78,India,Madhya Pradesh & Chattishgarh
40467,404,67,India,Madhya Pradesh & Chhattisgarh
405756,405,756,India,Madhya Pradesh & Chhattisgarh
40458,404,58,India,Madhya Pradesh & Chhattisgarh
405863,405,863,India,Madhyya Pradesh
405864,405,864,India,Maharashtra
405911,405,911,India,Maharashtra
40490,404,90,India,Maharashtra
405929,405,929,India,Maharashtra
40513,405,13,India,Maharashtra & Goa
40537,405,37,India,Maharashtra & Goa
405804,405,804,India,Maharashtra & Goa
40466,404,66,India,Maharashtra & Goa
40422,404,22,India,Maharashtra & Goa
40427,404,27,India,Maharashtra & Goa
40420,404,20,India,Mumbai
40421,404,21,India,Mumbai
40469,404,69,India,Mumbai
405805,405,805,India,Mumbai
405799,405,799,India,Mumbai
405874,405,874,India,Mumbai
40515,405,15,India,Mumbai
40539,405,39,India,Mumbai
40492,404,92,India,Mumbai
40477,404,77,India,North East
405865,405,865,India,North East
405755,405,755,India,North East
405849,405,849,India,North East
40450,404,50,India,North East
40416,404,16,India,North East
40428,404,28,India,Orissa
40452,404,52,India,Orissa
405850,405,850,India,Orissa
405753,405,753,India,Orissa
405866,405,866,India,Orissa
40476,404,76,India,Orissa
40541,405,41,India,Orissa
40553,405,53,India,Orissa
40517,405,17,India,Orissa
40518,405,18,India,Punjab
40542,405,42,India,Punjab
405867,405,867,India,Punjab
405851,405,851,India,Punjab
405812,405,812,India,Punjab
40453,404,53,India,Punjab
40414,404,14,India,Punjab
4042,404,2,India,Punjab
40459,404,59,India,Rajasthan
40460,404,60,India,Rajasthan
40470,404,70,India,Rajasthan
405806,405,806,India,Rajasthan
405868,405,868,India,Rajasthan
40543,405,43,India,Rajasthan
40519,405,19,India,Rajasthan
40487,404,87,India,Rajasthan
40494,404,94,India,Tamil Nadu
40480,404,80,India,Tamil Nadu
40520,405,20,India,Tamil Nadu
405852,405,852,India,Tamil Nadu
40442,404,42,India,Tamil Nadu
40443,404,43,India,Tamil Nadu
405869,405,869,India,Tamil Nadu Chennai
40544,405,44,India,Tamil Nadu including Chennai
40448,404,48,India,Unknown
40455,404,55,India,Uttar Pradesh (East)
40415,404,15,India,Uttar Pradesh (East)
40554,405,54,India,Uttar Pradesh (East)
40521,405,21,India,Uttar Pradesh (East)
40489,404,89,India,Uttar Pradesh (East)
405810,405,810,India,Uttar Pradesh (East)
405811,405,811,India,Uttar Pradesh (West)
405818,405,818,India,Uttar Pradesh (West)
40522,405,22,India,Uttar Pradesh (West)
40566,405,66,India,Uttar Pradesh (West)
40497,404,97,India,Uttar Pradesh (West)
40456,404,56,India,Uttar Pradesh (West)
40454,404,54,India,Uttar Pradesh (West)
405871,405,871,India,Uttar Pradesh East
405870,405,870,India,Uttar Pradesh West
40488,404,88,India,Vodafone Punjab
40485,404,85,India,West Bengal
40474,404,74,India,West Bengal
40567,405,67,India,West Bengal
40551,405,51,India,West Bengal
40523,405,23,India,West Bengal
405840,405,840,India,West Bengal
405853,405,853,India,West Bengal
40417,404,17,India,West Bengal
405880,405,880,India,West Bengal
510995,510,995,Indonesia,[Komselindo STKB-C \(NMT\)]
510996,510,996,Indonesia,[Komselindo STKB-C \(NMT\)]
51099,510,99,Indonesia,PT Bakrie Telecom
51089,510,89,Indonesia,PT Hutchison CP Telecommunications
51021,510,21,Indonesia,PT Indonesian Satellite Corporation Tbk (INDOSAT)
5101,510,1,Indonesia,PT Indonesian Satellite Corporation Tbk (INDOSAT)
5103,510,3,Indonesia,PT Indosat Tbk
51028,510,28,Indonesia,PT Mobile-8 Telecom
5108,510,8,Indonesia,PT Natrindo Telepon Seluler
5100,510,0,Indonesia,PT Pasifik Satelit Nusantara (ACeS)
51027,510,27,Indonesia,PT Sampoerna Telekomunikasi Indonesia
5109,510,9,Indonesia,PT Smart Telecom
51010,510,10,Indonesia,PT Telekomunikasi Selular
5107,510,7,Indonesia,PT Telkom
51020,510,20,Indonesia,PT Telkom Indonesia Tbk
51011,510,11,Indonesia,PT XL Axiata Tbk
43235,432,35,Iran,Irancell Telecommunications Services Company
43293,432,93,Iran,Iraphone
43214,432,14,Iran,KFZO
43211,432,11,Iran,Mobile Communications Company of Iran
43219,432,19,Iran,Mobile Telecommunications Company of Esfahan
43232,432,32,Iran,Rafsanjan Industrial Complex
43220,432,20,Iran,Rightel
43270,432,70,Iran,Telephone Communications Company of Iran
4185,418,5,Iraq,Asia Cell Telecommunications Company
41862,418,62,Iraq,Itisaluna Wireless CO.
41882,418,82,Iraq,Korek
41845,418,45,Iraq,Mobitel Co. Ltd.
41892,418,92,Iraq,Omnnea Wireless
4188,418,8,Iraq,SanaTel
41840,418,40,Iraq,Telecom Ltd
41820,418,20,Iraq,Zain Iraq
41830,418,30,Iraq,Zain Iraq
2724,272,4,Ireland,Access Telecom
2729,272,9,Ireland,Clever Communications
2727,272,7,Ireland,Eircom Mobile
2725,272,5,Ireland,Hutchison 3G
27211,272,11,Ireland,Liffey Telecom
27213,272,13,Ireland,Lycamobile
2723,272,3,Ireland,Meteor Mobile Communications
2722,272,2,Ireland,O2 Ireland
2721,272,1,Ireland,Vodafone Ireland
42518,425,18,Israel,Cellact Communications Ltd.
4252,425,2,Israel,Cellcom Israel Ltd
4258,425,8,Israel,Golan Telecom
42515,425,15,Israel,Home Cellular
4257,425,7,Israel,Hot Mobile Ltd
42577,425,77,Israel,Hot Mobile/Mirs
4255,425,5,Israel,"Palestine Cellular Communications, Ltd."
4251,425,1,Israel,Partner Communications Company Ltd
4253,425,3,Israel,Pelephone Communications Ltd.
42516,425,16,Israel,Rami Levy
42519,425,19,Israel,Telzar/AZI
4256,425,6,Israel,Wataniya Palestine Mobile Telecommunications Company
42514,425,14,Israel,Youphone
22298,222,98,Italy,Blu
22234,222,34,Italy,BT Italia SpA
2222,222,2,Italy,Elsacom
2228,222,8,Italy,Fastweb SpA
22299,222,99,Italy,Hutchison 3G
2224,222,4,Italy,Intermatica
22277,222,77,Italy,IPSE 2000
22235,222,35,Italy,Lyca Mobile
2227,222,7,Italy,Noverca
22233,222,33,Italy,PosteMobile SpA
22230,222,30,Italy,Rete Ferroviaria Italiana
22243,222,43,Italy,Telecom Italia Mobile SpA
22248,222,48,Italy,Telecom Italia Mobile SpA
2221,222,1,Italy,Telecom Italia SpA
2225,222,5,Italy,Telespazio
2226,222,6,Italy,Vodafone
22210,222,10,Italy,Vodafone Omnitel N.V.
22244,222,44,Italy,WIND (Blu) -
22288,222,88,Italy,Wind Telecomunicazioni SpA
338110,338,110,Jamaica,Cable & Wireless
33850,338,50,Jamaica,Digicel (Jamaica) Limited
33820,338,20,Jamaica,LIME (Cable & Wireless)
338180,338,180,Jamaica,LIME (Cable & Wireless)
4400,440,0,Japan,EMOBILE Limited
44079,440,79,Japan,KDDI Corporation
44070,440,70,Japan,KDDI Corporation
44071,440,71,Japan,KDDI Corporation
44072,440,72,Japan,KDDI Corporation
44073,440,73,Japan,KDDI Corporation
44074,440,74,Japan,KDDI Corporation
44075,440,75,Japan,KDDI Corporation
44076,440,76,Japan,KDDI Corporation
44077,440,77,Japan,KDDI Corporation
44088,440,88,Japan,KDDI Corporation
44089,440,89,Japan,KDDI Corporation
44050,440,50,Japan,KDDI Corporation
44051,440,51,Japan,KDDI Corporation
44052,440,52,Japan,KDDI Corporation
44053,440,53,Japan,KDDI Corporation
44054,440,54,Japan,KDDI Corporation
44055,440,55,Japan,KDDI Corporation
44056,440,56,Japan,KDDI Corporation
44170,441,70,Japan,KDDI Corporation
4407,440,7,Japan,KDDI Corporation
4408,440,8,Japan,KDDI Corporation
4409,440,9,Japan,NTT docomo
44010,440,10,Japan,NTT docomo
44011,440,11,Japan,NTT docomo
44012,440,12,Japan,NTT docomo
44013,440,13,Japan,NTT docomo
44014,440,14,Japan,NTT docomo
44015,440,15,Japan,NTT docomo
44016,440,16,Japan,NTT docomo
44017,440,17,Japan,NTT docomo
44018,440,18,Japan,NTT docomo
44019,440,19,Japan,NTT docomo
44190,441,90,Japan,NTT Docomo
44191,441,91,Japan,NTT Docomo
44192,441,92,Japan,NTT Docomo
44193,441,93,Japan,NTT Docomo
44194,441,94,Japan,NTT Docomo
44198,441,98,Japan,NTT Docomo
44199,441,99,Japan,NTT Docomo
44049,440,49,Japan,NTT DoCoMo
44087,440,87,Japan,NTT DoCoMo
44058,440,58,Japan,NTT DoCoMo
44060,440,60,Japan,NTT DoCoMo
44061,440,61,Japan,NTT DoCoMo
44062,440,62,Japan,NTT DoCoMo
44063,440,63,Japan,NTT DoCoMo
44064,440,64,Japan,NTT DoCoMo
44065,440,65,Japan,NTT DoCoMo
44066,440,66,Japan,NTT DoCoMo
44067,440,67,Japan,NTT DoCoMo
44068,440,68,Japan,NTT DoCoMo
44069,440,69,Japan,NTT DoCoMo
44021,440,21,Japan,NTT docomo
44022,440,22,Japan,NTT docomo
44023,440,23,Japan,NTT docomo
44024,440,24,Japan,NTT docomo
44025,440,25,Japan,NTT docomo
44026,440,26,Japan,NTT docomo
44027,440,27,Japan,NTT docomo
44028,440,28,Japan,NTT docomo
44029,440,29,Japan,NTT docomo
44030,440,30,Japan,NTT docomo
44031,440,31,Japan,NTT docomo
44032,440,32,Japan,NTT docomo
44033,440,33,Japan,NTT docomo
44034,440,34,Japan,NTT docomo
44035,440,35,Japan,NTT DoCoMo
44036,440,36,Japan,NTT DoCoMo
44037,440,37,Japan,NTT DoCoMo
44038,440,38,Japan,NTT DoCoMo
44039,440,39,Japan,NTT DoCoMo
44099,440,99,Japan,NTT DoCoMo
44140,441,40,Japan,NTT Docomo
44141,441,41,Japan,NTT Docomo
44142,441,42,Japan,NTT Docomo
44143,441,43,Japan,NTT Docomo
44144,441,44,Japan,NTT Docomo
44145,441,45,Japan,NTT Docomo
4401,440,1,Japan,NTT docomo
4402,440,2,Japan,NTT DoCoMo
4403,440,3,Japan,NTT DoCoMo
44078,440,78,Japan,Okinawa Cellular Telephone
4404,440,4,Japan,SoftBank Mobile Corp
4406,440,6,Japan,SoftBank Mobile Corp
44161,441,61,Japan,SoftBank Mobile Corp
44162,441,62,Japan,SoftBank Mobile Corp
44163,441,63,Japan,SoftBank Mobile Corp
44164,441,64,Japan,SoftBank Mobile Corp
44165,441,65,Japan,SoftBank Mobile Corp
44090,440,90,Japan,SoftBank Mobile Corp
44092,440,92,Japan,SoftBank Mobile Corp
44093,440,93,Japan,SoftBank Mobile Corp
44094,440,94,Japan,SoftBank Mobile Corp
44095,440,95,Japan,SoftBank Mobile Corp
44096,440,96,Japan,SoftBank Mobile Corp
44097,440,97,Japan,SoftBank Mobile Corp
44098,440,98,Japan,SoftBank Mobile Corp
44040,440,40,Japan,SoftBank Mobile Corp
44041,440,41,Japan,SoftBank Mobile Corp
44042,440,42,Japan,SoftBank Mobile Corp
44043,440,43,Japan,SoftBank Mobile Corp
44044,440,44,Japan,SoftBank Mobile Corp
44045,440,45,Japan,SoftBank Mobile Corp
44046,440,46,Japan,SoftBank Mobile Corp
44047,440,47,Japan,SoftBank Mobile Corp
44048,440,48,Japan,SoftBank Mobile Corp
44020,440,20,Japan,SoftBank Mobile Corp
44083,440,83,Japan,TU-KA Cellular Tokai
44085,440,85,Japan,TU-KA Cellular Tokai
44086,440,86,Japan,TU-KA Cellular Tokyo
44080,440,80,Japan,TU-KA Cellular Tokyo
44081,440,81,Japan,TU-KA Cellular Tokyo
44082,440,82,Japan,TU-KA Phone Kansai
44084,440,84,Japan,TU-KA Phone Kansai
4161,416,1,Jordan,Jordan Mobile Telephone Services
41677,416,77,Jordan,Petra Jordanian Mobile Telecommunications Company (MobileCom)
4163,416,3,Jordan,Umniah Mobile Company
4162,416,2,Jordan,Xpress
41674,416,74,Jordan,XPress Telecom
4017,401,7,Kazakhstan,Altel
4012,401,2,Kazakhstan,GSM Kazakhstan Ltd
4011,401,1,Kazakhstan,KaR-Tel LLP
4018,401,8,Kazakhstan,Kazakhtelecom
40177,401,77,Kazakhstan,Tele2.kz
6393,639,3,Kenya,B Airtel
6395,639,5,Kenya,Econet Wireless Kenya
6392,639,2,Kenya,Safaricom Limited
6397,639,7,Kenya,Telkom Kenya
5451,545,1,Kiribati,Telecom Services Kiribati Ltd
5459,545,9,Kiribati,Telecom Services Kiribati Ltd
4675,467,5,"Korea, North",Cheo Technology Jv Company
467193,467,193,"Korea, North",Korea Posts and Telecommunications Corporation
45011,450,11,"Korea, South","Korea Cable Telecom(t-plus), Eco-mobile"
4508,450,8,"Korea, South",KT
4504,450,4,"Korea, South",KT
4502,450,2,"Korea, South",KT
4506,450,6,"Korea, South",LG Telecom
4503,450,3,"Korea, South","Shinsegi Telecom, Inc."
4505,450,5,"Korea, South",SK Telecom
2216,221,6,Kosovo,Z Mobile
2212,221,2,Kosovo,IPKO
2211,221,1,Kosovo,Vala
4194,419,4,Kuwait,Kuwait Telecommunication Company
4193,419,3,Kuwait,National Mobile Telecommunications
4192,419,2,Kuwait,Zain Kuwait
4373,437,3,Kyrgyz Republic,Aktel Ltd
4375,437,5,Kyrgyz Republic,Alfa Telecom CJSC
4379,437,9,Kyrgyz Republic,NurTelecom LLC
4371,437,1,Kyrgyz Republic,Sky Mobile LLC
4572,457,2,Laos,Enterprise of Telecommunications Lao
4571,457,1,Laos,LaoTelecom
4573,457,3,Laos,"Star Telecom Co., Ltd"
4578,457,8,Laos,VimpelCom Lao Ltd
2475,247,5,Latvia,Bite Latvija
2479,247,9,Latvia,Camel Mobile
2478,247,8,Latvia,IZZI
2471,247,1,Latvia,Latvian Mobile Telephone
2477,247,7,Latvia,Master Telecom
2476,247,6,Latvia,Rigatta
2472,247,2,Latvia,Tele2
2473,247,3,Latvia,Telekom Baltija
41532,415,32,Lebanon,Cellis
41533,415,33,Lebanon,Cellis
41535,415,35,Lebanon,Cellis
41534,415,34,Lebanon,FTML Cellis
4151,415,1,Lebanon,MIC 1
4153,415,3,Lebanon,MIC 2
41536,415,36,Lebanon,MIC2/LibanCell/MTC
41537,415,37,Lebanon,MIC2/LibanCell/MTC
41538,415,38,Lebanon,MIC2/LibanCell/MTC
41539,415,39,Lebanon,MIC2/LibanCell/MTC
4155,415,5,Lebanon,Ogero Telecom
6512,651,2,Lesotho,Econet Ezi-cel
6511,651,1,Lesotho,Vodacom Lesotho (Pty) Ltd
6182,618,2,Liberia,Atlantic Wireless (Liberia) Inc.
6187,618,7,Liberia,"Cellcom Telecommunications, Inc"
6184,618,4,Liberia,Comium Liberia
61820,618,20,Liberia,Liberia Telecommunications Corporation
6181,618,1,Liberia,Lonestar Communications Corporation
6062,606,2,Libya,Al-Jeel Al-Jadeed
6061,606,1,Libya,Al-Madar Al-Jadeed
6066,606,6,Libya,Hatef Libya
6063,606,3,Libya,Libya Telecom and Technology (LTT)
6060,606,0,Libya,Libyana
29577,295,77,Liechtenstein,Alpcom AG
2956,295,6,Liechtenstein,Cubic Telecom AG
2957,295,7,Liechtenstein,First Mobile AG
2955,295,5,Liechtenstein,Mobilkom Liechtenstein AG
2952,295,2,Liechtenstein,Orange Liechtenstein
2951,295,1,Liechtenstein,Swisscom Schweiz AG
2465,246,5,Lithuania,Lithuanian Railways
2461,246,1,Lithuania,Omnitel
2463,246,3,Lithuania,Tele 2
2462,246,2,Lithuania,UAB Bite Lietuva
2466,246,6,Lithuania,UAB Mediafon
27099,270,99,Luxembourg,Orange S.A.
2701,270,1,Luxembourg,POST Luxembourg
27077,270,77,Luxembourg,Tango SA
4551,455,1,Macau (PRC),C.T.M. Telemovel+
4554,455,4,Macau (PRC),C.T.M. Telemovel+
4552,455,2,Macau (PRC),China Telecom
4553,455,3,Macau (PRC),Hutchison Telecom
4555,455,5,Macau (PRC),Hutchison Telecom
4550,455,0,Macau (PRC),SmarTone Macao
4556,455,6,Macau (PRC),Smartone Mobile
6461,646,1,Madagascar,Bharti Airtel
6462,646,2,Madagascar,Orange Madagascar S.A.
6463,646,3,Madagascar,Sacel Madagascar S.A.
6464,646,4,Madagascar,Telma Mobile S.A.
65010,650,10,Malawi,Bharti Airtel Limited
6501,650,1,Malawi,Telecom Network Malawi
502156,502,156,Malaysia,Altel Communications Sdn Bhd
502151,502,151,Malaysia,Baraka Telecom Sdn Bhd (MVNE)
502198,502,198,Malaysia,CelCom
50219,502,19,Malaysia,Celcom Axiata Berhad
50213,502,13,Malaysia,Celcom Axiata Berhad
50210,502,10,Malaysia,DiGi Telecommunications
50216,502,16,Malaysia,DiGi Telecommunications
50220,502,20,Malaysia,Electcoms Wireless Sdn Bhd
50212,502,12,Malaysia,Maxis Mobile Services SDN Berhad
50217,502,17,Malaysia,Maxis Prepaid
502155,502,155,Malaysia,Samata Communications Sdn Bhd
50214,502,14,Malaysia,Telekom Malaysia Berhad for PSTN SMS
5021,502,1,Malaysia,Telekom Malaysia Bhd
50211,502,11,Malaysia,TM Homeline
502154,502,154,Malaysia,Tron/Talk Focus Sdn Bhd
502150,502,150,Malaysia,Tune Talk Sdn Bhd
50218,502,18,Malaysia,U Mobile Sdn Bhd
502153,502,153,Malaysia,Webe/Packet One Networks (Malaysia) Sdn Bhd
502195,502,195,Malaysia,XOX Com Sdn Bhd
502152,502,152,Malaysia,YTL Communications Sdn Bhd
4721,472,1,Maldives,Dhivehi Raajjeyge Gulhun
4722,472,2,Maldives,Wataniya Telecom Maldives
6101,610,1,Mali,Malitel SA
6102,610,2,Mali,Orange Mali SA
27877,278,77,Malta,Melita Plc
27821,278,21,Malta,Mobisle Communications Limited
2781,278,1,Malta,Vodafone Malta
5511,551,1,Marshall Islands,Marshall Islands National Telecommunications Authority (MINTA)
6092,609,2,Mauritania,Chinguitel
6091,609,1,Mauritania,Mattel
60910,609,10,Mauritania,Mauritel Mobiles
6171,617,1,Mauritius,Cellplus Mobile Communications Ltd.
61710,617,10,Mauritius,Emtel Ltd.
6173,617,3,Mauritius,Mahanagar Telephone
6172,617,2,Mauritius,Mahanagar Telephone (Mauritius) Ltd.
3342,334,2,Mexico,América Móvil
3345,334,5,Mexico,Iusacell
3344,334,4,Mexico,IUSACell/UneFon
33440,334,40,Mexico,IUSACell/UneFon
3343,334,3,Mexico,Movistar - Telefónica Moviles (formerly Pegaso Comunicaciones y Sistemas)
33430,334,30,Mexico,Movistar/Pegaso
33490,334,90,Mexico,NEXTEL
33410,334,10,Mexico,NEXTEL
3341,334,1,Mexico,Nextel México
3349,334,9,Mexico,Nextel México
33470,334,70,Mexico,Operadora Unefon SA de CV
33480,334,80,Mexico,Operadora Unefon SA de CV
33460,334,60,Mexico,SAI PCS
33420,334,20,Mexico,TelCel/America Movil
2594,259,4,Moldova,Eventis Telecom
2593,259,3,Moldova,Interdnestrcom
2592,259,2,Moldova,Moldcell
2595,259,5,Moldova,Moldtelecom
25999,259,99,Moldova,Moldtelecom
2591,259,1,Moldova,Orange Moldova
2121,212,1,Monaco,Monaco Telecom
21210,212,10,Monaco,Monaco Telecom
42898,428,98,Mongolia,G-Mobile LLC
42899,428,99,Mongolia,Mobicom Corporation
4280,428,0,Mongolia,Skytel Co. Ltd
42891,428,91,Mongolia,Skytel LLC
42888,428,88,Mongolia,Unitel LLC
2973,297,3,Montenegro (Republic of),MTEL CG
2971,297,1,Montenegro (Republic of),Telenor Montenegro
2974,297,4,Montenegro (Republic of),T-Mobile Montenegro
2972,297,2,Montenegro (Republic of),T-Mobile Montenegro LLC
354860,354,860,Montserrat (UK),Cable & Wireless
6041,604,1,Morocco,Maroc Telecom
6040,604,0,Morocco,Medi Telecom
6042,604,2,Morocco,Wana
6045,604,5,Morocco,WANA - Groupe ONA
6431,643,1,Mozambique,Mocambique Celular S.A.
6433,643,3,Mozambique,Movitel S.A.
6434,643,4,Mozambique,"Vodacom Mozambique, S.A."
4141,414,1,Myanmar,Myanmar Post and Telecommunication
4145,414,5,Myanmar,Oreedoo
4146,414,6,Myanmar,Telenor
6491,649,1,Namibia,MTC Namibia
6492,649,2,Namibia,Telecom Namibia
6493,649,3,Namibia,Telecom Namibia
5362,536,2,Nauru,Digicel (Nauru) Corporation
4292,429,2,Nepal,Ncell Pvt. Ltd.
4293,429,3,Nepal,Nepal Telecom
4291,429,1,Nepal,Nepal Telecom
4294,429,4,Nepal,Smart Telecom Pvt. Ltd.
20414,204,14,Netherlands,6GMOBILE B.V.
20423,204,23,Netherlands,ASPIDER Solutions Nederland B.V.
20427,204,27,Netherlands,Breezz Nederland B.V.
20425,204,25,Netherlands,CapX B.V.
2045,204,5,Netherlands,Elephant Talk Communications Premium Rate Services
20417,204,17,Netherlands,Intercity Mobile Communications B.V.
20410,204,10,Netherlands,KPN B.V.
20412,204,12,Netherlands,KPN Mobile The Netherlands B.V.
2048,204,8,Netherlands,KPN Mobile The Netherlands B.V.
20469,204,69,Netherlands,KPN Mobile The Netherlands B.V.
20428,204,28,Netherlands,Lancelot B.V.
2049,204,9,Netherlands,Lycamobile Netherlands Limited
20422,204,22,Netherlands,Ministerie van Defensie
20419,204,19,Netherlands,Mixe Communication Solutions B.V.
2046,204,6,Netherlands,Mundio Mobile (Netherlands) Ltd
20424,204,24,Netherlands,Private Mobility Nederland B.V.
20421,204,21,Netherlands,ProRail
20467,204,67,Netherlands,RadioAccess B.V.
20426,204,26,Netherlands,SpeakUp B.V.
2042,204,2,Netherlands,Tele2 Nederland B.V.
2047,204,7,Netherlands,Teleena (MVNE)
20498,204,98,Netherlands,T-Mobile B.V.
20416,204,16,Netherlands,T-Mobile Netherlands B.V
20420,204,20,Netherlands,T-Mobile Netherlands B.V
20413,204,13,Netherlands,Unica Installatietechniek B.V.
20468,204,68,Netherlands,Unify Group Holding B.V.
20418,204,18,Netherlands,UPC Nederland B.V.
2041,204,1,Netherlands,VastMobiel B.V.
2044,204,4,Netherlands,Vodafone Libertel B.V.
2043,204,3,Netherlands,Voiceworks B.V.
20415,204,15,Netherlands,Ziggo B.V.
5461,546,1,New Caledonia (France),OPT New Caledonia
53024,530,24,New Zealand,2degrees
53028,530,28,New Zealand,2degrees
5302,530,2,New Zealand,Telecom New Zealand
5305,530,5,New Zealand,Telecom New Zealand
5306,530,6,New Zealand,Telecom New Zealand
5300,530,0,New Zealand,Telecom New Zealand
5304,530,4,New Zealand,TelstraClear
5301,530,1,New Zealand,Vodafone New Zealand
5303,530,3,New Zealand,Woosh Wireless
71021,710,21,Nicaragua,"Empresa Nicaragüense de Telecomunicaciones, S.A. (ENITEL) (América Móvil)"
71073,710,73,Nicaragua,Servicios de Comunicaciones S.A.
71030,710,30,Nicaragua,"Telefonía Celular de Nicaragua, S.A. (Telefónica, S.A.)"
6143,614,3,Niger,Atlantique Telecom (subsidiary of Etisalat)
6142,614,2,Niger,Bharti Airtel Limited
6141,614,1,Niger,La Société Sahélienne de Télécommunications (SahelCom)
6144,614,4,Niger,Orange Niger
62120,621,20,Nigeria,Bharti Airtel Limited
62160,621,60,Nigeria,Etisalat
62150,621,50,Nigeria,Globacom Ltd
62130,621,30,Nigeria,MTN Nigeria Communications Limited
62140,621,40,Nigeria,Nigerian Mobile Telecommunications Limited
62199,621,99,Nigeria,Starcomms
6211,621,1,Nigeria,Visafone
62125,621,25,Nigeria,Visafone Communications Ltd.
5551,555,1,Niue,Telecom Niue
2429,242,9,Norway,Com4
24214,242,14,Norway,ice.net
24221,242,21,Norway,Jernbaneverket (GSM-R)
24220,242,20,Norway,Jernbaneverket AS
24223,242,23,Norway,Lyca Mobile Ltd
2425,242,5,Norway,Network Norway
24222,242,22,Norway,Network Norway AS
2426,242,6,Norway,Nordisk Mobiltelefon
2427,242,7,Norway,Phonero (Ventelo)
24211,242,11,Norway,SystemNet
2428,242,8,Norway,TDC Mobil AS
24215,242,15,Norway,Telavox
2424,242,4,Norway,Tele2
24212,242,12,Norway,Telenor
2421,242,1,Norway,Telenor
2423,242,3,Norway,Teletopia
2422,242,2,Norway,Telia (NetCom)
24217,242,17,Norway,Ventelo AS
4222,422,2,Oman,Oman Telecommunications Company
4223,422,3,Oman,Omani Qatari Telecommunications Company SAOC
4104,410,4,Pakistan,China Mobile
4108,410,8,Pakistan,Instaphone
4101,410,1,Pakistan,Mobilink-PMCL
4103,410,3,Pakistan,Pakistan Telecommunication Mobile Ltd
4106,410,6,Pakistan,Telenor Pakistan
4107,410,7,Pakistan,WaridTel
55280,552,80,Palau,Palau Mobile Corporation
5521,552,1,Palau,Palau National Communications Corp.
7143,714,3,Panama,América Móvil
7141,714,1,Panama,Cable & Wireless Panama S.A.
7144,714,4,Panama,Digicel Group
71420,714,20,Panama,Movistar
7142,714,2,Panama,"Telefónica Moviles Panama S.A, Bell South Corp. (BSC)"
5373,537,3,Papua New Guinea,Digicel PNG
5372,537,2,Papua New Guinea,GreenCom PNG Ltd
5371,537,1,Papua New Guinea,Pacific Mobile Communications
7442,744,2,Paraguay,AMX Paraguay S.A.
7443,744,3,Paraguay,Compa
7446,744,6,Paraguay,Copaco S.A.
7441,744,1,Paraguay,Hola Paraguay S.A
7445,744,5,Paraguay,Núcleo S.A(TIM)
7444,744,4,Paraguay,Telefónica Celular Del Paraguay S.A. (Telecel)
71610,716,10,Perú,América Móvil Perú
71617,716,17,Perú,Americatel Perú
7167,716,7,Perú,Americatel Perú
71620,716,20,Perú,Claro /Amer.Mov./TIM
7161,716,1,Perú,GlobalStar
7162,716,2,Perú,GlobalStar
7166,716,6,Perú,Telefónica Móviles Perú
71615,716,15,Perú,Viettel Peru S.A.C.
5155,515,5,Philippines,Digital Telecommunications Philippines
5150,515,0,Philippines,Fix Line
5151,515,1,Philippines,Globe Telecom
5152,515,2,Philippines,Globe Telecom
51588,515,88,Philippines,Nextel
51511,515,11,Philippines,PLDT via ACeS Philippines
51518,515,18,Philippines,PLDT via Smart's Connectivity Unlimited Resources Enterprise
5153,515,3,Philippines,Smart Communications
26017,260,17,Poland,Aero 2 Sp. z o.o.
26018,260,18,Poland,AMD Telecom.
26038,260,38,Poland,CallFreedom Sp. z o.o.
2604,260,4,Poland,CenterNet S.A.
26015,260,15,Poland,CenterNet S.A.
26012,260,12,Poland,Cyfrowy Polsat S.A.
2608,260,8,Poland,E-Telko Sp. z o.o.
2609,260,9,Poland,Lycamobile Sp. z o.o.
26016,260,16,Poland,Mobyland Sp. z o.o.
26036,260,36,Poland,Mundio Mobile Sp. z o.o.
2607,260,7,Poland,Netia S.A.
26011,260,11,Poland,Nordisk Polska Sp. z o.o.
26098,260,98,Poland,P4 Sp. z o.o.
2606,260,6,Poland,P4 Sp. z o.o.
26035,260,35,Poland,PKP Polskie Linie Kolejowe S.A.
2601,260,1,Poland,Polkomtel Sp. z o.o.
2605,260,5,Poland,Polska Telefonia Komórkowa Centertel Sp. z o.o.
2603,260,3,Poland,Polska Telefonia Komórkowa Centertel Sp. z o.o.
26010,260,10,Poland,Sferia S.A.
26013,260,13,Poland,Sferia S.A.
26014,260,14,Poland,Sferia S.A.
2602,260,2,Poland,T-Mobile Polska S.A.
26034,260,34,Poland,T-Mobile Polska S.A.
2687,268,7,Portugal,MVNO
2684,268,4,Portugal,MVNO
2683,268,3,Portugal,"Sonaecom – Serviços de Comunicações, S.A."
2686,268,6,Portugal,Telecomunicações Móveis Nacionais
2681,268,1,Portugal,Vodafone Portugal
26821,268,21,Portugal,Zapp Portugal
330110,330,110,Puerto Rico (US),América Móvil
330120,330,120,Puerto Rico (US),PR Wireless
3300,330,0,Puerto Rico (US),PR Wireless
33011,330,11,Puerto Rico (US),Puerto Rico Telephone Company Inc. (PRTC)
4275,427,5,Qatar,Ministry of Interior
4271,427,1,Qatar,ooredoo
4272,427,2,Qatar,Vodafone Qatar
2942,294,2,Republic of Macedonia,One
29475,294,75,Republic of Macedonia,ONE/Cosmofone
2941,294,1,Republic of Macedonia,T-Mobile Macedonia
2943,294,3,Republic of Macedonia,VIP Operator
6292,629,2,Republic of the Congo,Azur SA (ETC)
6291,629,1,Republic of the Congo,Celtel Congo
62910,629,10,Republic of the Congo,MTN CONGO S.A
6297,629,7,Republic of the Congo,Warid Telecom
6470,647,0,Réunion (France),Orange La Réunion
6472,647,2,Réunion (France),Outremer Telecom
64710,647,10,Réunion (France),Societe Reunionnaise de Radiotelephone
22611,226,11,Romania,Enigma Systems
22610,226,10,Romania,Orange România
2265,226,5,Romania,RCS&RDS
2262,226,2,Romania,Romtelecom
2263,226,3,Romania,Telekom Romania
2264,226,4,Romania,Telekom Romania
2266,226,6,Romania,Telekom Romania
2261,226,1,Romania,Vodafone România
25012,250,12,Russian Federation,Baykal Westcom / New Telephone Company / Far Eastern Cellular
25028,250,28,Russian Federation,Beeline
25050,250,50,Russian Federation,Bezlimitno.ru
25038,250,38,Russian Federation,Central Telecommunication Company
2506,250,6,Russian Federation,CJSC Saratov System of Cellular Communications
25010,250,10,Russian Federation,Dontelekom
25035,250,35,Russian Federation,EKATERINBURG-2000
25019,250,19,Russian Federation,INDIGO
2509,250,9,Russian Federation,Khabarovsky Cellular Phone
25013,250,13,Russian Federation,Kuban GSM
25014,250,14,Russian Federation,MegaFon OJSC
2502,250,2,Russian Federation,MegaFon OJSC - previously known as North-West GSM
25023,250,23,Russian Federation,Mobicom - Novosibirsk
2501,250,1,Russian Federation,Mobile TeleSystems
25016,250,16,Russian Federation,New Telephone Company
2503,250,3,Russian Federation,Nizhegorodskaya Cellular Communications
25099,250,99,Russian Federation,OJSC Vimpel-Communications
25018,250,18,Russian Federation,Osnova Telecom
25092,250,92,Russian Federation,Primtelefon
25039,250,39,Russian Federation,ROSTELECOM
25011,250,11,Russian Federation,Scartel
2504,250,4,Russian Federation,Sibchallenge
25015,250,15,Russian Federation,"SMARTS Ufa, SMARTS Uljanovsk"
25091,250,91,Russian Federation,Sonic Duo CJSC
25044,250,44,Russian Federation,Stavtelesot / North Caucasian GSM
25020,250,20,Russian Federation,Tele2
25093,250,93,Russian Federation,Telecom XXI
25017,250,17,Russian Federation,Uralsvyazinform
2505,250,5,Russian Federation,Yeniseytelecom
2507,250,7,Russian Federation,Zao SMARTS
63514,635,14,Rwandese Republic,Airtel RWANDA
63510,635,10,Rwandese Republic,MTN Rwandacell SARL
63512,635,12,Rwandese Republic,Rwandatel S.A.
63513,635,13,Rwandese Republic,TIGO RWANDA S.A
356110,356,110,Saint Kitts and Nevis,Cable & Wireless St. Kitts & Nevis Ltd
35670,356,70,Saint Kitts and Nevis,UTS
35650,356,50,Saint Kitts and Nevis,Wireless Ventures (St Kitts-Nevis) Limited
35850,358,50,Saint Lucia,[
358110,358,110,Saint Lucia,Cable & Wireless
35830,358,30,Saint Lucia,Cingular Wireless
3082,308,2,Saint Pierre and Miquelon (France),GLOBALTEL
3081,308,1,Saint Pierre and Miquelon (France),St. Pierre-et-Miquelon Télécom
360110,360,110,Saint Vincent and the Grenadines,Cable & Wireless (St. Vincent & the Grenadines) Ltd
36010,360,10,Saint Vincent and the Grenadines,Cingular
360100,360,100,Saint Vincent and the Grenadines,Cingular Wireless
36050,360,50,Saint Vincent and the Grenadines,Digicel
36070,360,70,Saint Vincent and the Grenadines,Digicel (St. Vincent and the Grenadines) Limited
54927,549,27,Samoa,Bluesky Samoa Ltd
5491,549,1,Samoa,Digicel Pacific Ltd.
2921,292,1,San Marino,San Marino Telecom
6261,626,1,São Tomé and Príncipe,Companhia Santomese de Telecomunicaçôe
9012,901,2,Satellite Networks,Unassigned
9017,901,7,Satellite Networks,Unassigned
9018,901,8,Satellite Networks,Unassigned
9019,901,9,Satellite Networks,Unassigned
9014,901,4,Satellite Networks,Unassigned
90121,901,21,Satellite Networks,Unassigned
90123,901,23,Satellite Networks,Unassigned
90125,901,25,Satellite Networks,Unassigned
90130,901,30,Satellite Networks,Unassigned
90110,901,10,Satellite Networks,ACeS
90114,901,14,Satellite Networks,AeroMobile AS
90118,901,18,Satellite Networks,AT&T Mobility
90136,901,36,Satellite Networks,Azerfon
90128,901,28,Satellite Networks,GDSP (Vodafone's Global Data Service Platform)
90113,901,13,Satellite Networks,Global Networks Switzerland Inc.
90135,901,35,Satellite Networks,Globecomm Network Services
9011,901,1,Satellite Networks,ICO Satellite Management
90111,901,11,Satellite Networks,Inmarsat
90120,901,20,Satellite Networks,Intermatica
9013,901,3,Satellite Networks,Iridium
90116,901,16,Satellite Networks,Jasper Systems
90112,901,12,Satellite Networks,Maritime Communications Partner AS
90122,901,22,Satellite Networks,MediaLincc Ltd
90132,901,32,Satellite Networks,MegaFon
90117,901,17,Satellite Networks,Navitas
90127,901,27,Satellite Networks,OnAir
90115,901,15,Satellite Networks,OnAir Switzerland Sarl
90131,901,31,Satellite Networks,Orange S.A.
90133,901,33,Satellite Networks,Smart Communications
90126,901,26,Satellite Networks,Telecom Italia
90129,901,29,Satellite Networks,Telenor
9015,901,5,Satellite Networks,Thuraya
9016,901,6,Satellite Networks,Thuraya
90134,901,34,Satellite Networks,tyntec
90188,901,88,Satellite Networks,UN Office for the Coordination of Humanitarian Affairs (OCHA)
90119,901,19,Satellite Networks,Vodafone Malta
90124,901,24,Satellite Networks,Voxbone
4203,420,3,Saudi Arabia,Etihad Etisalat Company
42021,420,21,Saudi Arabia,Saudi Railways GSM
4201,420,1,Saudi Arabia,Saudi Telecom Company
4205,420,5,Saudi Arabia,Virgin Mobile
4207,420,7,Saudi Arabia,Zain
4204,420,4,Saudi Arabia,Zain Saudi Arabia
6082,608,2,Senegal,Millicom International Cellular S.A.
6081,608,1,Senegal,Sonatel
6083,608,3,Senegal,Sudatel
2203,220,3,Serbia (Republic of),Telekom Srbija
2202,220,2,Serbia (Republic of),Telenor Montenegro
2201,220,1,Serbia (Republic of),Telenor Serbia
2205,220,5,Serbia (Republic of),VIP Mobile
6331,633,1,Seychelles,Cable & Wireless Seychelles
6332,633,2,Seychelles,Mediatech International
63310,633,10,Seychelles,Telecom Seychelles Ltd
6191,619,1,Sierra Leone,Bharti Airtel Limited
6194,619,4,Sierra Leone,Comium Sierra leone INC
6195,619,5,Sierra Leone,Lintel Sierra Leone Limited
6193,619,3,Sierra Leone,Lintel Sierra Leone Limited
6192,619,2,Sierra Leone,Millicom (SL) Limited
61925,619,25,Sierra Leone,Mobitel
52512,525,12,Singapore,GRID Communications Pte Ltd.
5253,525,3,Singapore,M1 Limited
5251,525,1,Singapore,Singapore Telecom
5252,525,2,Singapore,Singapore Telecom
5257,525,7,Singapore,Singapore Telecom
5255,525,5,Singapore,StarHub Mobile
5256,525,6,Singapore,StarHub Mobile
2315,231,5,Slovakia,Orange
2311,231,1,Slovakia,Orange Slovensko
23115,231,15,Slovakia,Orange Slovensko
2312,231,2,Slovakia,Slovak Telekom
2316,231,6,Slovakia,Telefónica O2 Slovakia
2314,231,4,Slovakia,T-Mobile Slovensko
2313,231,3,Slovakia,Unient Communications
23199,231,99,Slovakia,Železnice Slovenskej Republiky
29331,293,31,Slovenia,Mobitel D.D.
29341,293,41,Slovenia,Mobitel D.D.
29351,293,51,Slovenia,Mobitel D.D.
29340,293,40,Slovenia,SI.MOBIL d.d.
29310,293,10,Slovenia,Slovenske zeleznice d.o.o.
29364,293,64,Slovenia,T-2 d.o.o.
29370,293,70,Slovenia,Tušmobil d.o.o.
5402,540,2,Solomon Islands,BMobile (SI) Ltd
54010,540,10,Solomon Islands,BREEZE
5401,540,1,Solomon Islands,Solomon Telekom Co Ltd
63771,637,71,Somalia,2G/3G
63730,637,30,Somalia,Golis Telecom Somalia
63725,637,25,Somalia,Hormuud Telecom Somalia Inc
63719,637,19,Somalia,HorTel
63710,637,10,Somalia,NationLink Telecom
63760,637,60,Somalia,Nationlink Telecom
6374,637,4,Somalia,SomaCyber
63782,637,82,Somalia,Telcom Somalia
6371,637,1,Somalia,Telesom
63757,637,57,Somalia,Unitted Telecom
65530,655,30,South Africa,Bokamoso Consortium
65521,655,21,South Africa,Cape Town Metropolitan Council
6557,655,7,South Africa,Cell C
65532,655,32,South Africa,Ilizwi Telecommunications
65531,655,31,South Africa,Karabo Telecoms (Pty) Ltd.
65512,655,12,South Africa,MTN
6552,655,2,South Africa,MTN
65510,655,10,South Africa,MTN Group
65513,655,13,South Africa,Neotel
6556,655,6,South Africa,Sentech
65511,655,11,South Africa,South African Police Service
65533,655,33,South Africa,Thinta Thinta Telecommunications
6551,655,1,South Africa,Vodacom
65519,655,19,South Africa,Wireless Business Solutions (Pty) Ltd
6593,659,3,South Sudan,Gemtel
6592,659,2,South Sudan,MTN South Sudan
6594,659,4,South Sudan,Network of the World (NOW)
6597,659,7,South Sudan,Sudani
6596,659,6,South Sudan,Zain South Sudan
21423,214,23,Spain,Barablu Móvil España
21422,214,22,Spain,Best Spain Telecom
21415,214,15,Spain,BT Group
21418,214,18,Spain,Cableuropa S.A.U.
21419,214,19,Spain,E-PLUS Moviles Virtuales España S.L.U.
21424,214,24,Spain,Eroski Móvil España
2148,214,8,Spain,Euskaltel
21420,214,20,Spain,Fonyou Telecom S.L.
2149,214,9,Spain,France Telecom España SA
2143,214,3,Spain,France Telecom España SA
21421,214,21,Spain,Jazz Telecom S.A.U.
21426,214,26,Spain,Lleida
21425,214,25,Spain,LycaMobile S.L.
21411,214,11,Spain,Orange
21417,214,17,Spain,R Cable y Telecomunicaciones Galicia S.A.
21416,214,16,Spain,Telecable de Asturias S.A.U.
2145,214,5,Spain,Telefónica Móviles España
2147,214,7,Spain,Telefónica Móviles España
21427,214,27,Spain,Truphone
2146,214,6,Spain,Vodafone Spain
2141,214,1,Spain,Vodafone Spain
2144,214,4,Spain,Xfera Moviles SA
4135,413,5,Sri Lanka,Bharti Airtel Lanka (Pvt) Ltd
41311,413,11,Sri Lanka,Dialog Axiata PLC
41317,413,17,Sri Lanka,Dialog Axiata PLC
4132,413,2,Sri Lanka,Dialog Axiata PLC
4133,413,3,Sri Lanka,Etisalat Lanka (Pvt) Ltd
4138,413,8,Sri Lanka,Hutchison Telecommunications Lanka (Pvt) Ltd
4134,413,4,Sri Lanka,Lanka Bell Ltd
4131,413,1,Sri Lanka,Mobitel (Pvt) Ltd
6340,634,0,Sudan,Canar Telecom
6345,634,5,Sudan,Canar Telecom
63422,634,22,Sudan,MTN
6342,634,2,Sudan,MTN Sudan
6349,634,9,Sudan,NEC
63415,634,15,Sudan,Sudani One
6347,634,7,Sudan,Sudatel Group
6348,634,8,Sudan,Vivacell
6341,634,1,Sudan,Zain Group - Sudan
6346,634,6,Sudan,ZAIN/Mobitel
7463,746,3,Suriname,Digicel Group Limited
7464,746,4,Suriname,Intelsur N.V. / UTS N.V.
7462,746,2,Suriname,Telecommunications Company Suriname (Telesur)
7461,746,1,Suriname,Telesur
65310,653,10,Swaziland,Swazi MTN Limited
6531,653,1,Swaziland,SwaziTelecom
2404,240,4,Sweden,3G Infrastructure Services AB
24016,240,16,Sweden,42 Telecom AB
24035,240,35,Sweden,42 Telecom LTD
24013,240,13,Sweden,Alltele Företag Sverige AB
24026,240,26,Sweden,Beepsend AB
24037,240,37,Sweden,CLX Networks AB
24032,240,32,Sweden,Compatel Limited
24028,240,28,Sweden,CoolTEL Aps
24025,240,25,Sweden,Digitel Mobile Srl
24022,240,22,Sweden,EuTel AB
24027,240,27,Sweden,Fogg Mobile AB
24018,240,18,Sweden,Generic Mobile Systems Sweden AB
24017,240,17,Sweden,Götalandsnätet AB
2402,240,2,Sweden,HI3G Access AB
24023,240,23,Sweden,Infobip Limited
24036,240,36,Sweden,interactive digital media GmbH
24011,240,11,Sweden,Lindholmen Science Park AB
24012,240,12,Sweden,Lycamobile Sweden Limited
24029,240,29,Sweden,Mercury International Carrier Services
24033,240,33,Sweden,Mobile Arts AB
24031,240,31,Sweden,Mobimax AB
24019,240,19,Sweden,Mundio Mobile (Sweden) Limited
24024,240,24,Sweden,Net4Mobility HB
2403,240,3,Sweden,Netett Sverige AB
24030,240,30,Sweden,NextGen Mobile Ltd.
24040,240,40,Sweden,ReWiCom Scandinavia AB
24041,240,41,Sweden,Shyam Telecom UK Ltd.
24010,240,10,Sweden,Spring Mobil AB
2405,240,5,Sweden,Svenska UMTS-Nät AB
24014,240,14,Sweden,TDC
2407,240,7,Sweden,Tele2 Sverige AB
24042,240,42,Sweden,Telenor Connexion AB
2409,240,9,Sweden,Telenor Mobile Sweden AS
2408,240,8,Sweden,Telenor Sverige AB
2406,240,6,Sweden,Telenor Sverige AB
2401,240,1,Sweden,TeliaSonera Sverige AB
24034,240,34,Sweden,Tigo LTD.
24021,240,21,Sweden,Trafikverket ICT
24038,240,38,Sweden,Voxbone SA
24020,240,20,Sweden,Wireless Maingate Messaging Services AB
24015,240,15,Sweden,Wireless Maingate Nordic AB
22850,228,50,Switzerland,3G Mobile AG
22852,228,52,Switzerland,Barablu
22851,228,51,Switzerland,BebbiCell AG
2289,228,9,Switzerland,Comfone
2287,228,7,Switzerland,IN&Phone SA
22854,228,54,Switzerland,Lyca Mobile
2283,228,3,Switzerland,Orange Communications SA
2286,228,6,Switzerland,SBB AG
22812,228,12,Switzerland,Sunrise
2282,228,2,Switzerland,Sunrise Communications AG
2281,228,1,Switzerland,Swisscom Ltd
2288,228,8,Switzerland,TelCommunication Services AG
2285,228,5,Switzerland,Togewanet AG (Comfone)
22853,228,53,Switzerland,UPC
4172,417,2,Syria,MTN Syria
4179,417,9,Syria,Syriatel Holdings
4171,417,1,Syria,Syriatel Mobile Telecom
46668,466,68,Taiwan,ACeS Taiwan - ACeS Taiwan Telecommunications Co Ltd
4665,466,5,Taiwan,Asia Pacific Telecom
46611,466,11,Taiwan,Chunghwa Telecom
46692,466,92,Taiwan,Chunghwa Telecom
4662,466,2,Taiwan,Far EasTone
4663,466,3,Taiwan,Far EasTone
4667,466,7,Taiwan,Far EasTone
4666,466,6,Taiwan,Far EasTone Telecommunications Co Ltd
4661,466,1,Taiwan,Far EasTone Telecommunications Co Ltd
46688,466,88,Taiwan,Far EasTone Telecommunications Co Ltd
46610,466,10,Taiwan,Global Mobile Corp.
46656,466,56,Taiwan,International Telecom Co. Ltd (FITEL)
46693,466,93,Taiwan,Mobitai Communications
46697,466,97,Taiwan,Taiwan Mobile Co. Ltd
46699,466,99,Taiwan,TransAsia Telecoms
46689,466,89,Taiwan,VIBO Telecom
4669,466,9,Taiwan,VMAX Telecom Co. Ltd
4364,436,4,Tajikistan,Babilon-Mobile
43612,436,12,Tajikistan,Indigo
4362,436,2,Tajikistan,Indigo Tajikistan
4361,436,1,Tajikistan,JV Somoncom
4365,436,5,Tajikistan,Tacom
4363,436,3,Tajikistan,TT Mobile
6408,640,8,Tanzania,Benson Informatics Limited
6405,640,5,Tanzania,Bharti Airtel
6406,640,6,Tanzania,Dovetel Limited
6409,640,9,Tanzania,ExcellentCom Tanzania Limited
6402,640,2,Tanzania,MIC Tanzania Limited
64011,640,11,Tanzania,Smile Telecoms Holdings Ltd.
6407,640,7,Tanzania,Tanzania Telecommunication Company LTD (TTCL)
6401,640,1,Tanzania,Tri Telecomm. Ltd.
6404,640,4,Tanzania,Vodacom Tanzania
6403,640,3,Tanzania,Zanzibar Telecom Ltd
52020,520,20,Thailand,ACeS Thailand - ACeS Regional Services Co Ltd
5201,520,1,Thailand,Advanced Info Service
52023,520,23,Thailand,AIS
5203,520,3,Thailand,AWN
5202,520,2,Thailand,CAT Telecom
5200,520,0,Thailand,CAT Telecom
5205,520,5,Thailand,DTN
5204,520,4,Thailand,Real Future
52015,520,15,Thailand,Telephone Organization of Thailand (TOT)
52018,520,18,Thailand,Total Access Communication
52025,520,25,Thailand,True Corporation
52099,520,99,Thailand,True Corporation
52010,520,10,Thailand,WCS IQ
6153,615,3,Togolese Republic,Moov Togo
6152,615,2,Togolese Republic,Telecel/MOOV
6151,615,1,Togolese Republic,Togo Telecom
53988,539,88,Tonga,Digicel (Tonga) Limited
53943,539,43,Tonga,Shoreline Communication
5391,539,1,Tonga,Tonga Communications Corporation
374120,374,120,Trinidad and Tobago,Bmobile/TSTT
374130,374,130,Trinidad and Tobago,Digicel (Trinidad & Tobago) Limited
374140,374,140,Trinidad and Tobago,LaqTel Ltd.
37412,374,12,Trinidad and Tobago,TSTT
6051,605,1,Tunisia,Orange Tunisie
6053,605,3,Tunisia,Orascom Telecom Tunisie
6052,605,2,Tunisia,Tunisie Telecom
2863,286,3,Turkey,Avea
2864,286,4,Turkey,Aycell
2861,286,1,Turkey,Turkcell
2862,286,2,Turkey,Vodafone Turkey
4382,438,2,Turkmenistan,Altyn Asyr
4381,438,1,Turkmenistan,"ES ""MTS-Turkmenistan"""
376350,376,350,Turks and Caicos Islands (UK),Cable & Wireless West Indies Ltd (Turks & Caicos)
376352,376,352,Turks and Caicos Islands (UK),Islandcom Telecommunications
6411,641,1,Uganda,Bharti Airtel
64166,641,66,Uganda,i-Tel Ltd
64144,641,44,Uganda,K2 Telecom Ltd
64130,641,30,Uganda,K2 Telecom Ltd
64110,641,10,Uganda,MTN Uganda
64114,641,14,Uganda,Orange Uganda
64133,641,33,Uganda,Smile Communications Uganda Limited
64118,641,18,Uganda,Suretelecom Uganda Ltd
64111,641,11,Uganda,Uganda Telecom Ltd.
64122,641,22,Uganda,Warid Telecom
2557,255,7,Ukraine,3Mob (Ukrtelecom UMTS )
2556,255,6,Ukraine,Astelit
25568,255,68,Ukraine,Beeline
25525,255,25,Ukraine,CST Invest
25539,255,39,Ukraine,Golden Telecom
25523,255,23,Ukraine,Intertelecom
2554,255,4,Ukraine,Intertelecom
25567,255,67,Ukraine,KyivStar
2555,255,5,Ukraine,Kyivstar GSM JSC
2552,255,2,Ukraine,Kyivstar GSM JSC
2553,255,3,Ukraine,Kyivstar GSM JSC
2551,255,1,Ukraine,MTS Ukraine
25521,255,21,Ukraine,Telesystems of Ukraine
25550,255,50,Ukraine,UMC/MTS
4242,424,2,United Arab Emirates,E mirates Telecom Corp
4243,424,3,United Arab Emirates,Emirates Integrated Telecommunications Company
4302,430,2,United Arab Emirates,Etisalat
4312,431,2,United Arab Emirates,Etisalat
23478,234,78,United Kingdom,Airwave (communications network)
23476,234,76,United Kingdom,BT Group
23477,234,77,United Kingdom,BT Group
23577,235,77,United Kingdom,BT Group
2340,234,0,United Kingdom,BT Group
23455,234,55,United Kingdom,Cable & Wireless Guernsey / Sure Mobile (Jersey)
2349,234,9,United Kingdom,Cable & Wireless Isle of Man Ltd.
23592,235,92,United Kingdom,Cable & Wireless UK
2347,234,7,United Kingdom,Cable & Wireless Worldwide
23492,234,92,United Kingdom,Cable and Wireless
23436,234,36,United Kingdom,Cable and Wireless Isle of Man Limited
23418,234,18,United Kingdom,Cloud9
2345,234,5,United Kingdom,COLT Mobile Telecommunications Limited
23430,234,30,United Kingdom,EE
23433,234,33,United Kingdom,EE
23434,234,34,United Kingdom,EE
2351,235,1,United Kingdom,EE
2352,235,2,United Kingdom,EE
23417,234,17,United Kingdom,FleXtel Limited
2344,234,4,United Kingdom,FMS Solutions Ltd
23494,234,94,United Kingdom,H3G Hutchinson
23414,234,14,United Kingdom,Hay Systems Ltd
23594,235,94,United Kingdom,Hutchison 3G UK Ltd
23420,234,20,United Kingdom,Hutchison 3G UK Ltd
23475,234,75,United Kingdom,Inquam Telecom Ltd
2346,234,6,United Kingdom,Internet Computer Bureau Limited
2343,234,3,United Kingdom,Jersey Airtel Limited
23435,234,35,United Kingdom,JSC Ingenium (UK) Limited
23450,234,50,United Kingdom,JT Group Limited
23426,234,26,United Kingdom,Lycamobile
23458,234,58,United Kingdom,Manx Telecom
23428,234,28,United Kingdom,Marthon Telecom
2350,235,0,United Kingdom,Mundio Mobile Limited
2341,234,1,United Kingdom,Mundio Mobile Limited
23595,235,95,United Kingdom,Network Rail Infrastructure Limited
23412,234,12,United Kingdom,Network Rail Infrastructure Ltd
23413,234,13,United Kingdom,Network Rail Infrastructure Ltd
23410,234,10,United Kingdom,O2 (Telefónica Europe)
23411,234,11,United Kingdom,O2 (Telefónica Europe)
2342,234,2,United Kingdom,O2 (Telefónica Europe)
2348,234,8,United Kingdom,OnePhone (UK) Ltd
23422,234,22,United Kingdom,Routo Telecommunications Limited
23424,234,24,United Kingdom,Stour Marine
23437,234,37,United Kingdom,Synectiv Ltd
23416,234,16,United Kingdom,TalkTalk Communications Limited
23427,234,27,United Kingdom,Teleena UK Limited
23419,234,19,United Kingdom,Teleware plc
23425,234,25,United Kingdom,Truphone
23451,234,51,United Kingdom,UK Broadband Limited
23423,234,23,United Kingdom,Vectofone Mobile Wifi
23431,234,31,United Kingdom,Virgin Media
23432,234,32,United Kingdom,Virgin Media
23491,234,91,United Kingdom,Vodafone
23415,234,15,United Kingdom,Vodafone
23591,235,91,United Kingdom,Vodafone United Kingdom
313100,313,100,United States of America,700 MHz Public Safety Broadband
310880,310,880,United States of America,Advantage Cellular Systems
310850,310,850,United States of America,"Aeris Communications, Inc."
310640,310,640,United States of America,Airadigm Communications
310780,310,780,United States of America,Airlink PCS
31034,310,34,United States of America,Airpeak
310510,310,510,United States of America,Airtel Wireless
310430,310,430,United States of America,Alaska Digitel
310190,310,190,United States of America,"Alaska Wireless Communications, LLC"
31290,312,90,United States of America,Allied Wireless Communications Corporation
310500,310,500,United States of America,Alltel
310590,310,590,United States of America,Alltel Communications Inc
31054,310,54,United States of America,Alltel US
310750,310,750,United States of America,Appalachian Wireless
310710,310,710,United States of America,Arctic Slope Telephone Association Cooperative Inc.
310680,310,680,United States of America,AT&T Mobility
310560,310,560,United States of America,AT&T Mobility
310380,310,380,United States of America,AT&T Mobility
310410,310,410,United States of America,AT&T Mobility
310150,310,150,United States of America,AT&T Mobility
310170,310,170,United States of America,AT&T Mobility
310280,310,280,United States of America,AT&T Mobility
31030,310,30,United States of America,AT&T Mobility
310980,310,980,United States of America,AT&T Mobility
310990,310,990,United States of America,AT&T Mobility
311970,311,970,United States of America,"Big River Broadband, LLC"
311800,311,800,United States of America,Bluegrass Wireless LLC
311810,311,810,United States of America,Bluegrass Wireless LLC
311440,311,440,United States of America,Bluegrass Wireless LLC
311870,311,870,United States of America,Boost Mobile
311170,311,170,United States of America,Broadpoint Inc
311330,311,330,United States of America,Bug Tussel Wireless
311230,311,230,United States of America,C Spire Wireless
311590,311,590,United States of America,California RSA No. 3 Limited Partnership
311500,311,500,United States of America,Cambridge Telephone Company Inc.
310830,310,830,United States of America,Caprock Cellular
310350,310,350,United States of America,Carolina Phone
311130,311,130,United States of America,Cell One Amarillo
312270,312,270,United States of America,Cellular Network Partnership LLC
312280,312,280,United States of America,Cellular Network Partnership LLC
310360,310,360,United States of America,Cellular Network Partnership LLC
310440,310,440,United States of America,Cellular One
31059,310,59,United States of America,Cellular One
311190,311,190,United States of America,Cellular Properties
31110,311,10,United States of America,Chariton Valley Communications
311120,311,120,United States of America,Choice Phone
310480,310,480,United States of America,Choice Phone
310630,310,630,United States of America,Choice Wireless
310420,310,420,United States of America,Cincinnati Bell Wireless
311180,311,180,United States of America,Cingular Wireless
310620,310,620,United States of America,Coleman County Telecommunications
31140,311,40,United States of America,Commnet Wireless
31040,310,40,United States of America,"Concho Cellular Telephone Co., Inc."
31060,310,60,United States of America,Consolidated Telcom
3106,310,6,United States of America,Consolidated Telcom
310740,310,740,United States of America,Convey Communications Inc.
31080,310,80,United States of America,Corr Wireless Communications LLC
31090,310,90,United States of America,Cricket Wireless
31016,310,16,United States of America,Cricket Wireless
310700,310,700,United States of America,Cross Valliant Cellular Partnership
31230,312,30,United States of America,Cross Wireless Telephone Co.
31240,312,40,United States of America,Custer Telephone Cooperative Inc.
312120,312,120,United States of America,East Kentucky Network LLC
312130,312,130,United States of America,East Kentucky Network LLC
31170,311,70,United States of America,Easterbrooke Cellular Corporation
310610,310,610,United States of America,Elkhart Telephone Co.
311210,311,210,United States of America,Emery Telcom Wireless
311160,311,160,United States of America,Endless Mountains Wireless
311311,311,311,United States of America,Farmers
31160,311,60,United States of America,Farmers Cellular Telephone
310311,310,311,United States of America,Farmers Wireless
310910,310,910,United States of America,First Cellular of Southern Illinois
311460,311,460,United States of America,Fisher Wireless Services Inc.
311370,311,370,United States of America,GCI Communication Corp.
310920,310,920,United States of America,Get Mobile Inc.
310970,310,970,United States of America,Globalstar
310140,310,140,United States of America,GTA Wireless
31033,310,33,United States of America,Guam Telephone Authority
311100,311,100,United States of America,High Plains Wireless
311110,311,110,United States of America,High Plains Wireless
31070,310,70,United States of America,Highland Cellular
311340,311,340,United States of America,Illinois Valley Cellular RSA 2 Partnership
310690,310,690,United States of America,Immix Wireless
31130,311,30,United States of America,Indigo Wireless
311410,311,410,United States of America,Iowa RSA No. 2 Limited Partnership
312170,312,170,United States of America,Iowa RSA No. 2 Limited Partnership
310770,310,770,United States of America,Iowa Wireless Services
310940,310,940,United States of America,Iris Wireless LLC
31032,310,32,United States of America,"IT&E Overseas, Inc"
310650,310,650,United States of America,"Jasper Wireless, inc"
310870,310,870,United States of America,Kaplan Telephone Company
312180,312,180,United States of America,Keystone Wireless LLC
311310,311,310,United States of America,Lamar County Cellular
31190,311,90,United States of America,Long Lines Wireless LLC
311960,311,960,United States of America,Lyca Technology Solutions
311140,311,140,United States of America,MBO Wireless
31010,310,10,United States of America,MCI
311660,311,660,United States of America,metroPCS
310900,310,900,United States of America,Mid-Rivers Communications
3110,311,0,United States of America,Mid-Tex Cellular
31120,311,20,United States of America,Missouri RSA 5 Partnership
31210,312,10,United States of America,Missouri RSA No 5 Partnership
311920,311,920,United States of America,Missouri RSA No 5 Partnership
312220,312,220,United States of America,Missouri RSA No 5 Partnership
31013,310,13,United States of America,MobileTel
310570,310,570,United States of America,"MTPCS, LLC"
310100,310,100,United States of America,New Mexico RSA 4 East Ltd. Partnership
310600,310,600,United States of America,New-Cell Inc.
31610,316,10,United States of America,Nextel Communications
311300,311,300,United States of America,Nexus Communications Inc.
310130,310,130,United States of America,North Carolina RSA 3 Cellular Tel. Co.
312230,312,230,United States of America,North Dakota Network Company
311610,311,610,United States of America,North Dakota Network Company
31017,310,17,United States of America,North Sight Communications Inc.
311710,311,710,United States of America,Northeast Wireless Networks LLC
31011,310,11,United States of America,Northstar
310670,310,670,United States of America,Northstar
311420,311,420,United States of America,Northwest Missouri Cellular Limited Partnership
310470,310,470,United States of America,NTT Docomo Pacific
310370,310,370,United States of America,NTT Docomo Pacific
310540,310,540,United States of America,Oklahoma Western Telephone Company
310760,310,760,United States of America,Panhandle Telecommunications Systems Inc.
311670,311,670,United States of America,"Pine Belt Cellular, Inc."
31180,311,80,United States of America,Pine Telephone Company
310790,310,790,United States of America,PinPoint Communications
310960,310,960,United States of America,Plateau Wireless
310110,310,110,United States of America,PTI Pacifica Inc.
311430,311,430,United States of America,RSA 1 Limited Partnership
312160,312,160,United States of America,RSA 1 Limited Partnership
310890,310,890,United States of America,Rural Cellular Corporation
311350,311,350,United States of America,Sagebrush Cellular Inc.
310730,310,730,United States of America,SeaMobile
311260,311,260,United States of America,SLO Cellular Inc / Cellular One of San Luis
310300,310,300,United States of America,Smart Call (Truphone)
310320,310,320,United States of America,"Smith Bagley, Inc."
31611,316,11,United States of America,Southern Communications Services
311490,311,490,United States of America,Sprint
310120,310,120,United States of America,Sprint
311880,311,880,United States of America,Sprint Spectrum
312190,312,190,United States of America,Sprint Spectrum
312530,312,530,United States of America,Sprint Spectrum
310840,310,840,United States of America,"Telecom North America Mobile, Inc."
31014,310,14,United States of America,Testing
310950,310,950,United States of America,Texas RSA 1 dba XIT Cellular
310860,310,860,United States of America,Texas RSA 15B2 Limited Partnership
311830,311,830,United States of America,Thumb Cellular Limited Partnership
310800,310,800,United States of America,T-Mobile
31031,310,31,United States of America,T-Mobile
31026,310,26,United States of America,T-Mobile
310200,310,200,United States of America,T-Mobile
310210,310,210,United States of America,T-Mobile
310220,310,220,United States of America,T-Mobile
310230,310,230,United States of America,T-Mobile
310240,310,240,United States of America,T-Mobile
310250,310,250,United States of America,T-Mobile
310260,310,260,United States of America,T-Mobile
310270,310,270,United States of America,T-Mobile
310330,310,330,United States of America,T-Mobile
310310,310,310,United States of America,T-Mobile
310160,310,160,United States of America,T-Mobile
310290,310,290,United States of America,T-Mobile
310660,310,660,United States of America,T-Mobile
310580,310,580,United States of America,T-Mobile
310490,310,490,United States of America,T-Mobile
31046,310,46,United States of America,TMP Corp
310460,310,460,United States of America,TMP Corporation
310390,310,390,United States of America,"TX-11 Acquisition, LLC"
31066,310,66,United States of America,U.S. Cellular
311220,311,220,United States of America,U.S. Cellular
311860,311,860,United States of America,Uintah Basin Electronics Telecommunications Inc.
312290,312,290,United States of America,Uintah Basin Electronics Telecommunications Inc.
31020,310,20,United States of America,Union Telephone Company
311650,311,650,United States of America,United Wireless Communications Inc.
31023,310,23,United States of America,Unknown
31024,310,24,United States of America,Unknown
31025,310,25,United States of America,Unknown
31015,310,15,United States of America,Unknown
3103,310,3,United States of America,Unknown
31038,310,38,United States of America,USA 3650 AT&T
310520,310,520,United States of America,VeriSign
3104,310,4,United States of America,Verizon Wireless
3105,310,5,United States of America,Verizon Wireless
31012,310,12,United States of America,Verizon Wireless
311480,311,480,United States of America,Verizon Wireless
311481,311,481,United States of America,Verizon Wireless
311482,311,482,United States of America,Verizon Wireless
311483,311,483,United States of America,Verizon Wireless
311484,311,484,United States of America,Verizon Wireless
311485,311,485,United States of America,Verizon Wireless
311486,311,486,United States of America,Verizon Wireless
311487,311,487,United States of America,Verizon Wireless
311488,311,488,United States of America,Verizon Wireless
311489,311,489,United States of America,Verizon Wireless
311390,311,390,United States of America,Verizon Wireless
311270,311,270,United States of America,Verizon Wireless
311271,311,271,United States of America,Verizon Wireless
311272,311,272,United States of America,Verizon Wireless
311273,311,273,United States of America,Verizon Wireless
311274,311,274,United States of America,Verizon Wireless
311275,311,275,United States of America,Verizon Wireless
311276,311,276,United States of America,Verizon Wireless
311277,311,277,United States of America,Verizon Wireless
311278,311,278,United States of America,Verizon Wireless
311279,311,279,United States of America,Verizon Wireless
311280,311,280,United States of America,Verizon Wireless
311281,311,281,United States of America,Verizon Wireless
311282,311,282,United States of America,Verizon Wireless
311283,311,283,United States of America,Verizon Wireless
311284,311,284,United States of America,Verizon Wireless
311285,311,285,United States of America,Verizon Wireless
311286,311,286,United States of America,Verizon Wireless
311287,311,287,United States of America,Verizon Wireless
311288,311,288,United States of America,Verizon Wireless
311289,311,289,United States of America,Verizon Wireless
31112,311,12,United States of America,Verizon Wireless
310450,310,450,United States of America,Viaero Wireless
31053,310,53,United States of America,Virgin Mobile US
311250,311,250,United States of America,Wave Runner LLC
310400,310,400,United States of America,Wave Runner LLC (Guam)
310180,310,180,United States of America,West Central Wireless
310530,310,530,United States of America,West Virginia Wireless
310340,310,340,United States of America,Westlink Communications
31150,311,50,United States of America,Wikes Cellular
311150,311,150,United States of America,Wilkes Cellular
74810,748,10,Uruguay,AM Wireless Uruguay S.A.
7483,748,3,Uruguay,Ancel/Antel
7481,748,1,Uruguay,Compania estatal (ANTEL)
7487,748,7,Uruguay,Telefónica Móviles Uruguay
4341,434,1,Uzbekistan,Buztel
4345,434,5,Uzbekistan,Coscom
4346,434,6,Uzbekistan,RUBICON WIRELESS COMMUNICATION
4344,434,4,Uzbekistan,Unitel LLC
4343,434,3,Uzbekistan,Uzbektelekom
4347,434,7,Uzbekistan,Uzdunrobita
4342,434,2,Uzbekistan,Uzmacom
5410,541,0,Vanuatu,ACeS International (AIL)
5417,541,7,Vanuatu,CANL Vanuatu Ltd
5415,541,5,Vanuatu,Digicel Vanuatu Ltd
5411,541,1,Vanuatu,Telecom Vanuatu Ltd
7341,734,1,Venezuela,Corporacion Digitel C.A.
7342,734,2,Venezuela,Corporacion Digitel C.A.
7343,734,3,Venezuela,Corporacion Digitel C.A.
7346,734,6,Venezuela,Telecomunicaciones Movilnet
7344,734,4,Venezuela,Telefónica Móviles Venezuela
4526,452,6,Viet Nam,EVNTelecom - EVN
4528,452,8,Viet Nam,EVNTelecom - EVN
4527,452,7,Viet Nam,GTEL Mobile JSC
4525,452,5,Viet Nam,Hanoi Telecom
4523,452,3,Viet Nam,S-Telecom
4521,452,1,Viet Nam,Vietnam Mobile Telecom Services Company (VMS)
4522,452,2,Viet Nam,Vietnam Telecom Services Company
4524,452,4,Viet Nam,Viettel Telecom
4211,421,1,Yemen,SabaFon
4212,421,2,Yemen,Spacetel Yemen
4214,421,4,Yemen,Y
4213,421,3,Yemen,Yemen Mobile
6451,645,1,Zambia,Bharti Airtel
6452,645,2,Zambia,MTN Group
6453,645,3,Zambia,Zambia Telecommunications Company Ltd
6484,648,4,Zimbabwe,Econet Wireless (Private) Limited
6481,648,1,Zimbabwe,Net*One Cellular (Pvt) Ltd
6483,648,3,Zimbabwe,Telecel Zimbabwe (PVT) Ltd
